fixture_id,season,date,match_day,referee,home_team,away_team,home_goals,away_goals,home_results,away_results,home_XGoals,away_XGoals,home_corners,away_corners,home_yellow_cards,away_yellow_cards,home_shots,away_shots,home_shots_on_goal,away_shots_on_goal,home_gk_saves,away_gk_saves,home_possession,away_possession,home_pass_accuracy,away_pass_accuracy,home_offsides,away_offsides,home_fouls,away_fouls,home_avg_goals_5,home_avg_conceded_5,home_avg_shots_5,home_avg_corners_5,home_avg_yellow_cards_5,home_avg_points_5,home_avg_possession_5,home_avg_shots_on_goal_5,home_avg_fouls_committed_5,home_avg_fouls_conceded_5,home_avg_pass_accuracy_5,home_avg_wins_5,home_avg_draws_5,home_avg_losses_5,away_avg_goals_5,away_avg_conceded_5,away_avg_shots_5,away_avg_corners_5,away_avg_yellow_cards_5,away_avg_points_5,away_avg_possession_5,away_avg_shots_on_goal_5,away_avg_fouls_committed_5,away_avg_fouls_conceded_5,away_avg_pass_accuracy_5,away_avg_wins_5,away_avg_draws_5,away_avg_losses_5,home_rank,away_rank,home_points_before,away_points_before
1208021,2024,2024-08-16 19:00:00+00:00,1,R. Jones,Manchester United,Fulham,1,0,W,L,2.43,0.44,7.0,8.0,2.0,3.0,14.0,10.0,5.0,2.0,2.0,4.0,55%,45%,85%,80%,3.0,1.0,12.0,10.0,,,,,,,,,,,,,,,,,,,,,,,,,,,,,1,16,0,0
1208022,2024,2024-08-17 11:30:00+00:00,1,T. Robinson,Ipswich,Liverpool,0,2,L,W,0.45,2.65,2.0,10.0,3.0,1.0,7.0,18.0,2.0,5.0,3.0,2.0,38%,62%,78%,86%,5.0,0.0,9.0,18.0,,,,,,,,,,,,,,,,,,,,,,,,,,,,,2,19,0,0
1208025,2024,2024-08-17 14:00:00+00:00,1,C. Pawson,Newcastle,Southampton,1,0,W,L,0.25,1.77,3.0,12.0,2.0,4.0,3.0,19.0,1.0,4.0,3.0,0.0,22%,78%,65%,89%,1.0,2.0,15.0,16.0,,,,,,,,,,,,,,,,,,,,,,,,,,,,,3,13,0,0
1208023,2024,2024-08-17 14:00:00+00:00,1,J. Gillett,Arsenal,Wolves,2,0,W,L,1.24,0.47,8.0,2.0,2.0,2.0,18.0,9.0,6.0,3.0,3.0,4.0,53%,47%,85%,82%,0.0,1.0,17.0,14.0,,,,,,,,,,,,,,,,,,,,,,,,,,,,,4,17,0,0
1208024,2024,2024-08-17 14:00:00+00:00,1,S. Hooper,Everton,Brighton,0,3,L,W,0.45,1.43,1.0,5.0,1.0,1.0,9.0,10.0,1.0,5.0,2.0,1.0,38%,62%,77%,86%,7.0,1.0,8.0,8.0,,,,,,,,,,,,,,,,,,,,,,,,,,,,,5,11,0,0
1208026,2024,2024-08-17 14:00:00+00:00,1,M. Oliver,Nottingham Forest,Bournemouth,1,1,D,D,1.3,1.22,2.0,6.0,1.0,3.0,14.0,13.0,8.0,4.0,3.0,7.0,53%,47%,80%,78%,1.0,4.0,17.0,8.0,,,,,,,,,,,,,,,,,,,,,,,,,,,,,6,15,0,0
1208027,2024,2024-08-17 16:30:00+00:00,1,T. Harrington,West Ham,Aston Villa,1,2,L,W,2.46,2.03,5.0,3.0,1.0,2.0,14.0,15.0,3.0,3.0,1.0,3.0,52%,48%,84%,84%,1.0,1.0,18.0,11.0,,,,,,,,,,,,,,,,,,,,,,,,,,,,,8,15,0,0
1208028,2024,2024-08-18 13:00:00+00:00,1,S. Barrott,Brentford,Crystal Palace,2,1,W,L,1.59,1.17,4.0,7.0,1.0,5.0,9.0,14.0,5.0,6.0,6.0,3.0,46%,54%,77%,81%,1.0,3.0,6.0,15.0,,,,,,,,,,,,,,,,,,,,,,,,,,,,,9,13,0,0
1208029,2024,2024-08-18 15:30:00+00:00,1,A. Taylor,Chelsea,Manchester City,0,2,L,W,1.01,0.77,4.0,3.0,1.0,1.0,10.0,11.0,3.0,5.0,3.0,3.0,48%,52%,89%,89%,2.0,1.0,12.0,9.0,,,,,,,,,,,,,,,,,,,,,,,,,,,,,10,13,0,0
1208030,2024,2024-08-19 19:00:00+00:00,1,C. Kavanagh,Leicester,Tottenham,1,1,D,D,1.05,1.18,2.0,13.0,1.0,1.0,7.0,15.0,3.0,7.0,5.0,2.0,30%,70%,77%,90%,2.0,1.0,11.0,12.0,,,,,,,,,,,,,,,,,,,,,,,,,,,,,11,12,0,0
1208033,2024,2024-08-24 11:30:00+00:00,2,C. Pawson,Brighton,Manchester United,2,1,W,L,2.09,1.43,4.0,4.0,1.0,2.0,14.0,11.0,5.0,4.0,2.0,2.0,48%,52%,85%,87%,0.0,6.0,9.0,13.0,1.0,1.0,14.0,7.0,2.0,1.0,55.0,5.0,12.0,12.0,85.0,0.0,1.0,0.0,3.0,3.0,10.0,5.0,1.0,1.0,62.0,5.0,8.0,8.0,86.0,0.0,1.0,0.0,1,7,3,3
1208034,2024,2024-08-24 14:00:00+00:00,2,R. Jones,Crystal Palace,West Ham,0,2,L,W,1.35,1.39,3.0,3.0,1.0,1.0,14.0,18.0,2.0,3.0,1.0,2.0,58%,42%,82%,77%,3.0,2.0,9.0,17.0,1.0,1.0,14.0,5.0,1.0,1.0,52.0,3.0,18.0,18.0,84.0,0.0,1.0,0.0,1.0,1.0,14.0,7.0,5.0,1.0,54.0,6.0,15.0,15.0,81.0,0.0,1.0,0.0,14,13,0,0
1208037,2024,2024-08-24 14:00:00+00:00,2,S. Allison,Manchester City,Ipswich,4,1,W,L,3.34,0.29,10.0,1.0,2.0,3.0,14.0,1.0,5.0,1.0,0.0,1.0,75%,25%,93%,82%,3.0,1.0,4.0,15.0,0.0,0.0,7.0,2.0,3.0,1.0,38.0,2.0,9.0,9.0,78.0,0.0,1.0,0.0,2.0,2.0,11.0,3.0,1.0,1.0,52.0,5.0,9.0,9.0,89.0,0.0,1.0,0.0,5,15,3,0
1208035,2024,2024-08-24 14:00:00+00:00,2,D. Bond,Fulham,Leicester,2,1,W,L,1.78,0.61,7.0,5.0,2.0,2.0,18.0,10.0,6.0,4.0,3.0,4.0,54%,46%,85%,84%,0.0,5.0,14.0,13.0,1.0,1.0,7.0,2.0,1.0,1.0,30.0,3.0,11.0,11.0,77.0,0.0,1.0,0.0,0.0,0.0,10.0,8.0,3.0,1.0,45.0,2.0,10.0,10.0,80.0,0.0,1.0,0.0,14,12,0,1
1208038,2024,2024-08-24 14:00:00+00:00,2,S. Barrott,Southampton,Nottingham Forest,0,1,L,W,0.14,2.45,4.0,10.0,3.0,3.0,5.0,23.0,1.0,8.0,7.0,1.0,65%,35%,91%,84%,0.0,1.0,14.0,14.0,1.0,1.0,14.0,2.0,1.0,1.0,53.0,8.0,17.0,17.0,80.0,0.0,1.0,0.0,0.0,0.0,19.0,12.0,4.0,1.0,78.0,4.0,16.0,16.0,89.0,0.0,1.0,0.0,15,10,0,1
1208039,2024,2024-08-24 14:00:00+00:00,2,A. Taylor,Tottenham,Everton,4,0,W,L,2.43,1.0,12.0,5.0,0.0,0.0,13.0,10.0,7.0,1.0,1.0,3.0,71%,29%,89%,75%,0.0,4.0,11.0,15.0,0.0,0.0,9.0,1.0,1.0,1.0,38.0,1.0,8.0,8.0,77.0,0.0,1.0,0.0,1.0,1.0,15.0,13.0,1.0,1.0,70.0,7.0,12.0,12.0,90.0,0.0,1.0,0.0,11,20,1,0
1208032,2024,2024-08-24 16:30:00+00:00,2,M. Oliver,Aston Villa,Arsenal,0,2,L,W,1.28,0.87,4.0,1.0,1.0,3.0,11.0,9.0,3.0,4.0,2.0,3.0,39%,61%,82%,91%,3.0,1.0,8.0,16.0,2.0,2.0,18.0,8.0,2.0,1.0,53.0,6.0,17.0,17.0,85.0,0.0,1.0,0.0,2.0,2.0,15.0,3.0,2.0,1.0,48.0,3.0,11.0,11.0,84.0,0.0,1.0,0.0,9,5,3,3
1208031,2024,2024-08-25 13:00:00+00:00,2,D. Coote,Bournemouth,Newcastle,1,1,D,D,2.26,1.69,8.0,9.0,2.0,2.0,16.0,14.0,4.0,5.0,4.0,3.0,39%,61%,76%,79%,0.0,0.0,20.0,8.0,1.0,1.0,3.0,3.0,2.0,1.0,22.0,1.0,15.0,15.0,65.0,0.0,1.0,0.0,1.0,1.0,13.0,6.0,3.0,1.0,47.0,4.0,8.0,8.0,78.0,0.0,1.0,0.0,13,9,1,3
1208040,2024,2024-08-25 13:00:00+00:00,2,D. England,Wolves,Chelsea,2,6,L,W,1.96,1.68,5.0,5.0,2.0,3.0,12.0,14.0,4.0,8.0,2.0,2.0,40%,60%,79%,86%,3.0,1.0,13.0,13.0,0.0,0.0,10.0,4.0,1.0,1.0,48.0,3.0,12.0,12.0,89.0,0.0,1.0,0.0,0.0,0.0,9.0,2.0,2.0,1.0,47.0,3.0,14.0,14.0,82.0,0.0,1.0,0.0,17,15,0,0
1208036,2024,2024-08-25 15:30:00+00:00,2,S. Attwell,Liverpool,Brentford,2,0,W,L,2.65,0.36,9.0,4.0,2.0,3.0,19.0,8.0,8.0,2.0,2.0,6.0,63%,37%,92%,82%,1.0,2.0,10.0,7.0,2.0,2.0,9.0,4.0,1.0,1.0,46.0,5.0,6.0,6.0,77.0,0.0,1.0,0.0,2.0,2.0,18.0,10.0,1.0,1.0,62.0,5.0,18.0,18.0,86.0,0.0,1.0,0.0,8,10,3,3
1208041,2024,2024-08-31 11:30:00+00:00,3,C. Kavanagh,Arsenal,Brighton,1,1,D,D,2.08,1.83,3.0,7.0,5.0,2.0,11.0,22.0,7.0,4.0,3.0,6.0,36%,64%,74%,86%,3.0,1.0,12.0,7.0,2.0,2.0,13.5,4.5,2.5,1.0,57.0,5.0,16.5,16.5,88.0,0.0,1.0,0.0,2.5,2.5,12.0,4.5,1.0,1.0,55.0,5.0,8.5,8.5,85.5,0.0,1.0,0.0,3,2,6,6
1208049,2024,2024-08-31 14:00:00+00:00,3,S. Hooper,Nottingham Forest,Wolves,1,1,D,D,1.04,0.74,7.0,3.0,3.0,4.0,16.0,11.0,5.0,3.0,1.0,4.0,52%,48%,80%,78%,4.0,0.0,15.0,18.0,1.0,1.0,18.5,6.0,2.0,1.0,44.0,8.0,15.5,15.5,82.0,0.0,1.0,0.0,1.0,1.0,10.5,3.5,2.0,1.0,43.5,3.5,13.5,13.5,80.5,0.0,1.0,0.0,9,19,4,0
1208045,2024,2024-08-31 14:00:00+00:00,3,L. Smith,Ipswich,Fulham,1,1,D,D,0.45,0.95,8.0,6.0,2.0,3.0,11.0,9.0,4.0,4.0,3.0,3.0,49%,51%,86%,86%,4.0,0.0,15.0,15.0,0.5,0.5,4.0,1.5,3.0,1.0,31.5,1.5,12.0,12.0,80.0,0.0,1.0,0.0,1.0,1.0,14.0,7.5,2.5,1.0,49.5,4.0,12.0,12.0,82.5,0.0,1.0,0.0,19,13,0,3
1208044,2024,2024-08-31 14:00:00+00:00,3,S. Attwell,Everton,Bournemouth,2,3,L,W,1.97,2.22,8.0,4.0,2.0,1.0,18.0,17.0,8.0,7.0,4.0,6.0,47%,53%,74%,77%,2.0,2.0,6.0,11.0,0.0,0.0,9.5,3.0,0.5,1.0,33.5,1.0,11.5,11.5,76.0,0.0,1.0,0.0,1.0,1.0,14.5,7.0,2.5,1.0,43.0,4.0,14.0,14.0,77.0,0.0,1.0,0.0,20,14,0,2
1208046,2024,2024-08-31 14:00:00+00:00,3,D. Coote,Leicester,Aston Villa,1,2,L,W,0.45,1.55,1.0,4.0,4.0,5.0,9.0,10.0,3.0,5.0,3.0,2.0,58%,42%,89%,83%,3.0,1.0,13.0,21.0,1.0,1.0,8.5,3.5,1.5,1.0,38.0,3.5,12.0,12.0,80.5,0.0,1.0,0.0,1.0,1.0,13.0,3.5,1.5,1.0,43.5,3.0,9.5,9.5,83.0,0.0,1.0,0.0,15,13,1,3
1208042,2024,2024-08-31 14:00:00+00:00,3,J. Smith,Brentford,Southampton,3,1,W,L,2.78,1.57,2.0,8.0,2.0,1.0,20.0,18.0,7.0,6.0,5.0,4.0,37%,63%,87%,88%,1.0,2.0,10.0,7.0,1.0,1.0,8.5,4.0,2.0,1.0,41.5,3.5,6.5,6.5,79.5,0.0,1.0,0.0,0.0,0.0,12.0,8.0,3.5,1.0,71.5,2.5,15.0,15.0,90.0,0.0,1.0,0.0,12,16,3,0
1208050,2024,2024-08-31 16:30:00+00:00,3,M. Oliver,West Ham,Manchester City,1,3,L,W,0.73,3.0,3.0,11.0,3.0,2.0,10.0,23.0,2.0,8.0,5.0,2.0,32%,68%,84%,92%,0.0,1.0,10.0,3.0,1.5,1.5,16.0,4.0,1.0,1.0,47.0,3.0,17.5,17.5,80.5,0.0,1.0,0.0,3.0,3.0,12.5,6.5,1.5,1.0,63.5,5.0,6.5,6.5,91.0,0.0,1.0,0.0,13,3,3,6
1208048,2024,2024-09-01 12:30:00+00:00,3,R. Jones,Newcastle,Tottenham,2,1,W,L,1.83,1.26,7.0,12.0,4.0,4.0,9.0,20.0,3.0,6.0,6.0,1.0,34%,66%,70%,84%,2.0,4.0,16.0,13.0,1.0,1.0,8.5,6.0,2.0,1.0,41.5,3.0,11.5,11.5,72.0,0.0,1.0,0.0,2.5,2.5,14.0,12.5,0.5,1.0,70.5,7.0,11.5,11.5,89.5,0.0,1.0,0.0,10,9,4,4
1208043,2024,2024-09-01 12:30:00+00:00,3,J. Gillett,Chelsea,Crystal Palace,1,1,D,D,2.37,0.54,4.0,4.0,4.0,2.0,13.0,9.0,7.0,3.0,2.0,6.0,63%,37%,90%,79%,0.0,1.0,9.0,13.0,3.0,3.0,12.0,4.5,2.0,1.0,54.0,5.5,12.5,12.5,87.5,0.0,1.0,0.0,0.5,0.5,14.0,5.0,3.0,1.0,56.0,4.0,12.0,12.0,81.5,0.0,1.0,0.0,12,18,3,0
1208047,2024,2024-09-01 15:00:00+00:00,3,A. Taylor,Manchester United,Liverpool,0,3,L,W,1.36,1.79,5.0,2.0,4.0,1.0,8.0,11.0,3.0,3.0,0.0,3.0,53%,47%,83%,84%,0.0,2.0,7.0,7.0,1.0,1.0,12.5,5.5,2.0,1.0,53.5,4.5,12.5,12.5,86.0,0.0,1.0,0.0,2.0,2.0,18.5,9.5,1.5,1.0,62.5,6.5,14.0,14.0,89.0,0.0,1.0,0.0,13,5,3,6
1208058,2024,2024-09-14 11:30:00+00:00,4,S. Attwell,Southampton,Manchester United,0,3,L,W,1.12,2.67,0.0,7.0,1.0,4.0,6.0,20.0,4.0,10.0,7.0,3.0,44%,56%,88%,91%,0.0,0.0,11.0,14.0,0.6666666666666666,0.6666666666666666,11.0,5.333333333333333,2.6666666666666665,1.0,53.333333333333336,4.0,10.666666666666666,10.666666666666666,85.0,0.0,1.0,0.0,0.3333333333333333,0.3333333333333333,14.0,8.0,2.6666666666666665,1.0,68.66666666666667,3.6666666666666665,12.333333333333334,12.333333333333334,89.33333333333333,0.0,1.0,0.0,19,14,0,3
1208054,2024,2024-09-14 14:00:00+00:00,4,T. Harrington,Crystal Palace,Leicester,2,2,D,D,2.55,1.23,5.0,2.0,0.0,3.0,20.0,9.0,4.0,4.0,2.0,2.0,67%,33%,85%,69%,3.0,0.0,11.0,15.0,1.0,1.0,8.666666666666666,2.6666666666666665,2.3333333333333335,1.0,44.666666666666664,3.3333333333333335,12.333333333333334,12.333333333333334,83.33333333333333,0.0,1.0,0.0,0.6666666666666666,0.6666666666666666,12.333333333333334,4.666666666666667,2.6666666666666665,1.0,49.666666666666664,3.6666666666666665,12.333333333333334,12.333333333333334,80.66666666666667,0.0,1.0,0.0,16,15,1,1
1208053,2024,2024-09-14 14:00:00+00:00,4,S. Barrott,Brighton,Ipswich,0,0,D,D,1.66,0.35,9.0,2.0,4.0,3.0,21.0,6.0,6.0,1.0,1.0,6.0,69%,31%,86%,70%,1.0,3.0,14.0,16.0,0.6666666666666666,0.6666666666666666,6.333333333333333,3.6666666666666665,2.6666666666666665,1.0,37.333333333333336,2.3333333333333335,13.0,13.0,82.0,0.0,1.0,0.0,2.0,2.0,15.333333333333334,5.333333333333333,1.3333333333333333,1.0,58.0,4.666666666666667,8.0,8.0,85.66666666666667,0.0,1.0,0.0,4,17,7,1
1208057,2024,2024-09-14 14:00:00+00:00,4,D. Bond,Manchester City,Brentford,2,1,W,L,2.17,0.96,12.0,3.0,3.0,1.0,18.0,8.0,7.0,5.0,5.0,5.0,54%,46%,89%,85%,1.0,1.0,9.0,3.0,1.6666666666666667,1.6666666666666667,12.333333333333334,3.3333333333333335,2.0,1.0,40.0,4.666666666666667,7.666666666666667,7.666666666666667,82.0,0.0,1.0,0.0,3.0,3.0,16.0,8.0,1.6666666666666667,1.0,65.0,6.0,5.333333333333333,5.333333333333333,91.33333333333333,0.0,1.0,0.0,1,7,9,6
1208055,2024,2024-09-14 14:00:00+00:00,4,T. Robinson,Fulham,West Ham,1,1,D,D,1.54,0.76,3.0,2.0,2.0,3.0,21.0,11.0,5.0,3.0,2.0,4.0,55%,45%,80%,77%,3.0,2.0,15.0,18.0,1.3333333333333333,1.3333333333333333,14.0,3.6666666666666665,1.6666666666666667,1.0,42.0,2.6666666666666665,15.0,15.0,81.66666666666667,0.0,1.0,0.0,1.0,1.0,12.333333333333334,7.0,2.6666666666666665,1.0,50.0,4.0,13.0,13.0,83.66666666666667,0.0,1.0,0.0,13,14,4,3
1208056,2024,2024-09-14 14:00:00+00:00,4,M. Oliver,Liverpool,Nottingham Forest,0,1,L,W,0.94,0.44,7.0,2.0,4.0,4.0,14.0,5.0,5.0,3.0,2.0,5.0,69%,31%,84%,69%,0.0,5.0,15.0,6.0,1.0,1.0,17.666666666666668,6.333333333333333,2.3333333333333335,1.0,46.666666666666664,7.0,15.333333333333334,15.333333333333334,81.33333333333333,0.0,1.0,0.0,2.3333333333333335,2.3333333333333335,16.0,7.0,1.3333333333333333,1.0,57.333333333333336,5.333333333333333,11.666666666666666,11.666666666666666,87.33333333333333,0.0,1.0,0.0,2,10,9,5
1208052,2024,2024-09-14 16:30:00+00:00,4,C. Pawson,Aston Villa,Everton,3,2,W,L,2.12,0.9,6.0,2.0,1.0,4.0,17.0,6.0,8.0,2.0,0.0,4.0,73%,27%,91%,76%,1.0,3.0,10.0,12.0,0.6666666666666666,0.6666666666666666,12.333333333333334,4.666666666666667,1.0,1.0,38.0,3.3333333333333335,9.666666666666666,9.666666666666666,75.33333333333333,0.0,1.0,0.0,1.3333333333333333,1.3333333333333333,12.0,3.6666666666666665,2.6666666666666665,1.0,43.0,3.6666666666666665,13.333333333333334,13.333333333333334,83.0,0.0,1.0,0.0,9,20,6,0
1208051,2024,2024-09-14 19:00:00+00:00,4,A. Taylor,Bournemouth,Chelsea,0,1,L,W,1.78,0.78,6.0,3.0,6.0,8.0,19.0,10.0,7.0,3.0,2.0,7.0,33%,67%,70%,85%,4.0,3.0,16.0,9.0,2.3333333333333335,2.3333333333333335,12.333333333333334,4.333333333333333,2.6666666666666665,1.0,57.0,6.0,11.333333333333334,11.333333333333334,88.33333333333333,0.0,1.0,0.0,1.6666666666666667,1.6666666666666667,15.333333333333334,6.0,2.0,1.0,46.333333333333336,5.0,13.0,13.0,77.0,0.0,1.0,0.0,10,13,5,4
1208059,2024,2024-09-15 13:00:00+00:00,4,J. Gillett,Tottenham,Arsenal,0,1,L,W,0.71,0.74,7.0,6.0,5.0,3.0,15.0,7.0,5.0,4.0,3.0,5.0,64%,36%,88%,76%,2.0,3.0,13.0,10.0,1.6666666666666667,1.6666666666666667,12.666666666666666,4.0,3.3333333333333335,1.0,50.0,5.666666666666667,15.0,15.0,83.33333333333333,0.0,1.0,0.0,2.0,2.0,16.0,12.333333333333334,1.6666666666666667,1.0,69.0,6.666666666666667,12.0,12.0,87.66666666666667,0.0,1.0,0.0,13,6,4,7
1208060,2024,2024-09-15 15:30:00+00:00,4,C. Kavanagh,Wolves,Newcastle,1,2,L,W,1.23,1.52,4.0,7.0,3.0,3.0,12.0,14.0,5.0,6.0,4.0,4.0,49%,51%,84%,88%,3.0,2.0,17.0,6.0,1.3333333333333333,1.3333333333333333,8.666666666666666,6.333333333333333,2.6666666666666665,1.0,39.0,3.0,13.0,13.0,71.33333333333333,0.0,1.0,0.0,1.0,1.0,10.666666666666666,3.3333333333333335,2.6666666666666665,1.0,45.0,3.3333333333333335,15.0,15.0,79.66666666666667,0.0,1.0,0.0,18,8,1,7
1208070,2024,2024-09-21 11:30:00+00:00,5,S. Barrott,West Ham,Chelsea,0,3,L,W,0.85,2.19,6.0,5.0,5.0,2.0,15.0,12.0,7.0,5.0,2.0,7.0,53%,47%,89%,87%,2.0,1.0,17.0,9.0,1.25,1.25,13.25,3.25,2.0,1.0,42.75,2.75,15.75,15.75,80.5,0.0,1.0,0.0,1.25,1.25,13.25,3.25,2.0,1.0,42.75,2.75,15.75,15.75,80.5,0.0,1.0,0.0,14,8,4,7
1208069,2024,2024-09-21 14:00:00+00:00,5,J. Brooks,Tottenham,Brentford,3,1,W,L,3.52,0.8,9.0,4.0,3.0,1.0,23.0,6.0,10.0,6.0,5.0,6.0,48%,52%,82%,80%,1.0,2.0,11.0,9.0,1.5,1.5,11.25,3.25,1.75,1.0,41.5,4.75,6.5,6.5,82.75,0.0,1.0,0.0,1.5,1.5,15.75,11.0,2.5,1.0,67.75,6.25,12.25,12.25,87.75,0.0,1.0,0.0,13,10,4,6
1208065,2024,2024-09-21 14:00:00+00:00,5,D. England,Leicester,Everton,1,1,D,D,0.66,1.1,6.0,1.0,1.0,2.0,12.0,17.0,2.0,5.0,4.0,1.0,59%,41%,85%,81%,2.0,5.0,11.0,12.0,1.0,1.0,10.75,4.0,1.75,1.0,35.25,3.0,10.25,10.25,75.5,0.0,1.0,0.0,1.25,1.25,8.75,2.5,2.5,1.0,41.75,3.5,13.0,13.0,79.75,0.0,1.0,0.0,16,20,2,0
1208061,2024,2024-09-21 14:00:00+00:00,5,T. Robinson,Aston Villa,Wolves,3,1,W,L,1.73,0.51,6.0,5.0,3.0,6.0,9.0,10.0,4.0,4.0,3.0,0.0,53%,47%,88%,86%,1.0,5.0,11.0,16.0,1.75,1.75,13.25,4.25,2.25,1.0,50.5,4.75,12.5,12.5,85.0,0.0,1.0,0.0,1.0,1.0,11.0,3.5,2.75,1.0,46.0,3.75,15.5,15.5,80.75,0.0,1.0,0.0,6,18,9,1
1208066,2024,2024-09-21 14:00:00+00:00,5,T. Harrington,Liverpool,Bournemouth,3,0,W,L,2.06,1.08,3.0,9.0,1.0,4.0,19.0,19.0,13.0,6.0,7.0,9.0,59%,41%,89%,85%,0.0,3.0,10.0,12.0,1.25,1.25,16.25,6.0,3.0,1.0,43.0,5.5,13.75,13.75,75.25,0.0,1.0,0.0,1.75,1.75,15.5,7.0,2.0,1.0,60.25,5.25,12.5,12.5,86.5,0.0,1.0,0.0,5,12,9,5
1208064,2024,2024-09-21 14:00:00+00:00,5,P. Bankes,Fulham,Newcastle,3,1,W,L,2.29,1.54,6.0,0.0,6.0,0.0,22.0,16.0,11.0,5.0,4.0,8.0,39%,61%,82%,90%,1.0,6.0,16.0,8.0,1.5,1.5,10.0,6.5,2.75,1.0,42.0,3.75,11.25,11.25,75.5,0.0,1.0,0.0,1.0,1.0,14.5,6.0,2.5,1.0,51.25,4.25,13.5,13.5,82.75,0.0,1.0,0.0,12,4,5,10
1208068,2024,2024-09-21 14:00:00+00:00,5,S. Allison,Southampton,Ipswich,1,1,D,D,2.49,1.69,2.0,10.0,4.0,4.0,11.0,13.0,3.0,6.0,5.0,2.0,54%,46%,87%,86%,3.0,1.0,16.0,16.0,0.5,0.5,6.25,3.25,2.75,1.0,35.75,2.0,13.75,13.75,79.0,0.0,1.0,0.0,0.25,0.25,12.0,6.0,2.25,1.0,62.5,3.75,12.0,12.0,89.0,0.0,1.0,0.0,19,17,0,2
1208063,2024,2024-09-21 16:30:00+00:00,5,D. Coote,Crystal Palace,Manchester United,0,0,D,D,1.01,1.7,4.0,11.0,3.0,2.0,9.0,15.0,4.0,6.0,7.0,4.0,33%,67%,71%,86%,1.0,0.0,7.0,12.0,1.25,1.25,13.25,5.75,3.0,1.0,54.0,5.5,11.5,11.5,86.5,0.0,1.0,0.0,1.0,1.0,14.25,4.75,2.0,1.0,54.0,3.75,12.0,12.0,81.75,0.0,1.0,0.0,17,11,2,6
1208062,2024,2024-09-22 13:00:00+00:00,5,R. Jones,Brighton,Nottingham Forest,2,2,D,D,1.0,1.42,9.0,1.0,3.0,6.0,14.0,4.0,3.0,3.0,2.0,1.0,70%,30%,88%,69%,0.0,4.0,12.0,11.0,1.0,1.0,14.5,5.25,2.75,1.0,42.75,6.0,13.0,13.0,78.25,0.0,1.0,0.0,1.5,1.5,16.75,6.25,2.0,1.0,60.75,5.0,9.5,9.5,85.75,0.0,1.0,0.0,7,9,8,8
1208067,2024,2024-09-22 15:30:00+00:00,5,M. Oliver,Manchester City,Arsenal,2,2,D,D,2.18,0.67,8.0,2.0,3.0,6.0,33.0,5.0,11.0,3.0,1.0,9.0,77%,23%,91%,71%,0.0,1.0,7.0,10.0,1.5,1.5,11.25,4.5,3.25,1.0,46.5,5.25,13.75,13.75,81.5,0.0,1.0,0.0,2.75,2.75,16.5,9.0,2.0,1.0,62.25,6.25,6.25,6.25,90.75,0.0,1.0,0.0,2,5,12,10
1208078,2024,2024-09-28 11:30:00+00:00,6,J. Gillett,Newcastle,Manchester City,1,1,D,D,1.57,0.91,5.0,6.0,4.0,4.0,11.0,16.0,4.0,6.0,5.0,3.0,38%,62%,79%,88%,1.0,0.0,14.0,10.0,1.4,1.4,11.2,5.2,2.2,1.0,45.8,4.0,10.6,10.6,78.4,0.0,1.0,0.0,2.6,2.6,19.8,8.8,2.2,1.0,65.2,7.2,6.4,6.4,90.8,0.0,1.0,0.0,6,1,10,13
1208073,2024,2024-09-28 14:00:00+00:00,6,S. Hooper,Brentford,West Ham,1,1,D,D,0.37,0.99,7.0,6.0,2.0,3.0,8.0,19.0,3.0,3.0,2.0,2.0,57%,43%,80%,79%,1.0,2.0,2.0,11.0,1.0,1.0,13.6,3.8,2.6,1.0,44.8,3.6,16.0,16.0,82.2,0.0,1.0,0.0,1.0,1.0,13.6,3.8,2.6,1.0,44.8,3.6,16.0,16.0,82.2,0.0,1.0,0.0,12,14,6,4
1208074,2024,2024-09-28 14:00:00+00:00,6,P. Bankes,Chelsea,Brighton,4,2,W,L,4.16,1.11,8.0,2.0,3.0,2.0,15.0,15.0,7.0,5.0,4.0,2.0,41%,59%,77%,86%,6.0,2.0,11.0,8.0,2.2,2.2,11.8,4.2,3.6,1.0,57.0,5.2,10.4,10.4,87.4,0.0,1.0,0.0,1.6,1.6,16.2,6.8,2.2,1.0,62.6,4.6,10.0,10.0,86.2,0.0,1.0,0.0,7,8,10,9
1208079,2024,2024-09-28 14:00:00+00:00,6,J. Smith,Nottingham Forest,Fulham,0,1,L,W,0.8,1.33,6.0,5.0,2.0,4.0,11.0,14.0,1.0,2.0,1.0,1.0,41%,59%,79%,87%,7.0,1.0,11.0,15.0,1.2,1.2,12.4,4.4,3.4,1.0,40.2,5.4,12.6,12.6,76.4,0.0,1.0,0.0,1.4,1.4,16.0,6.0,3.2,1.0,48.8,5.6,14.0,14.0,82.6,0.0,1.0,0.0,8,9,9,8
1208072,2024,2024-09-28 14:00:00+00:00,6,S. Barrott,Arsenal,Leicester,4,2,W,L,4.62,0.32,17.0,0.0,2.0,4.0,36.0,5.0,16.0,3.0,1.0,13.0,75%,25%,89%,74%,0.0,1.0,11.0,6.0,1.6,1.6,10.0,4.0,3.8,1.0,41.8,4.8,13.0,13.0,79.4,0.0,1.0,0.0,1.2,1.2,9.4,3.2,2.2,1.0,45.2,3.2,12.6,12.6,80.8,0.0,1.0,0.0,4,15,11,3
1208075,2024,2024-09-28 14:00:00+00:00,6,A. Madley,Everton,Crystal Palace,2,1,W,L,0.89,0.95,5.0,8.0,2.0,0.0,8.0,17.0,2.0,5.0,3.0,0.0,40%,60%,75%,81%,2.0,0.0,13.0,11.0,1.0,1.0,12.0,3.4,1.8,1.0,36.4,3.4,10.6,10.6,76.6,0.0,1.0,0.0,0.8,0.8,13.2,4.6,2.2,1.0,49.8,3.8,11.0,11.0,79.6,0.0,1.0,0.0,19,15,1,3
1208080,2024,2024-09-28 16:30:00+00:00,6,A. Taylor,Wolves,Liverpool,1,2,L,W,0.63,2.54,2.0,10.0,2.0,3.0,8.0,10.0,3.0,6.0,4.0,2.0,45%,55%,84%,85%,1.0,2.0,16.0,8.0,1.0,1.0,10.8,3.8,3.4,1.0,46.2,3.8,15.6,15.6,81.8,0.0,1.0,0.0,2.0,2.0,16.2,6.2,1.8,1.0,60.0,6.8,12.0,12.0,87.0,0.0,1.0,0.0,20,4,1,12
1208076,2024,2024-09-29 13:00:00+00:00,6,S. Attwell,Ipswich,Aston Villa,2,2,D,D,1.18,0.82,10.0,0.0,4.0,1.0,15.0,7.0,5.0,3.0,1.0,3.0,44%,56%,85%,89%,2.0,1.0,10.0,14.0,0.6,0.6,7.6,4.6,3.0,1.0,37.8,2.8,14.2,14.2,80.4,0.0,1.0,0.0,2.0,2.0,12.4,4.6,2.4,1.0,51.0,4.6,12.2,12.2,85.6,0.0,1.0,0.0,18,5,3,12
1208077,2024,2024-09-29 15:30:00+00:00,6,C. Kavanagh,Manchester United,Tottenham,0,3,L,W,0.96,4.59,5.0,3.0,5.0,3.0,11.0,24.0,2.0,10.0,7.0,2.0,39%,61%,79%,88%,2.0,1.0,16.0,14.0,1.0,1.0,13.6,6.8,2.8,1.0,56.6,5.6,11.6,11.6,86.4,0.0,1.0,0.0,1.8,1.8,17.2,10.6,2.6,1.0,63.8,7.0,12.0,12.0,86.6,0.0,1.0,0.0,11,10,7,7
1208071,2024,2024-09-30 19:00:00+00:00,6,M. Oliver,Bournemouth,Southampton,3,1,W,L,1.38,0.6,6.0,4.0,2.0,5.0,14.0,9.0,6.0,3.0,2.0,3.0,40%,60%,81%,86%,1.0,1.0,19.0,12.0,0.4,0.4,11.8,5.2,2.6,1.0,60.8,3.6,12.8,12.8,88.6,0.0,1.0,0.0,0.4,0.4,11.8,5.2,2.6,1.0,60.8,3.6,12.8,12.8,88.6,0.0,1.0,0.0,13,19,5,1
1208086,2024,2024-10-05 11:30:00+00:00,7,S. Hooper,Crystal Palace,Liverpool,0,1,L,W,0.64,1.4,3.0,8.0,4.0,2.0,9.0,16.0,5.0,4.0,3.0,5.0,32%,68%,70%,86%,1.0,0.0,7.0,15.0,0.8,0.8,13.8,4.8,1.2,1.0,51.0,3.6,10.2,10.2,79.6,0.0,1.0,0.0,2.0,2.0,14.6,6.2,2.2,1.0,58.6,7.0,10.0,10.0,86.8,0.0,1.0,0.0,18,1,3,15
1208083,2024,2024-10-05 14:00:00+00:00,7,A. Madley,Brentford,Wolves,5,3,W,L,4.25,1.05,10.0,3.0,2.0,3.0,19.0,17.0,12.0,6.0,3.0,7.0,44%,56%,78%,79%,5.0,1.0,9.0,10.0,1.2,1.2,10.0,4.0,1.8,1.0,45.8,4.6,6.2,6.2,82.8,0.0,1.0,0.0,1.2,1.2,10.6,3.8,3.4,1.0,45.8,3.8,16.0,16.0,82.2,0.0,1.0,0.0,12,20,7,1
1208081,2024,2024-10-05 14:00:00+00:00,7,T. Harrington,Arsenal,Southampton,3,1,W,L,2.83,0.65,13.0,1.0,0.0,3.0,29.0,8.0,6.0,2.0,1.0,3.0,59%,41%,90%,85%,1.0,0.0,10.0,9.0,2.0,2.0,13.6,5.8,3.8,1.0,46.2,6.8,11.8,11.8,80.2,0.0,1.0,0.0,0.6,0.6,9.8,3.6,2.8,1.0,57.2,3.4,12.0,12.0,88.0,0.0,1.0,0.0,3,19,14,1
1208088,2024,2024-10-05 14:00:00+00:00,7,D. Bond,Leicester,Bournemouth,1,0,W,L,0.79,2.16,0.0,9.0,4.0,1.0,6.0,19.0,2.0,2.0,2.0,1.0,44%,56%,76%,82%,2.0,1.0,12.0,14.0,1.4,1.4,9.0,2.8,2.8,1.0,44.2,3.2,11.6,11.6,80.2,0.0,1.0,0.0,1.4,1.4,17.0,6.6,3.0,1.0,41.2,6.0,15.6,15.6,77.8,0.0,1.0,0.0,17,12,3,8
1208090,2024,2024-10-05 14:00:00+00:00,7,A. Taylor,West Ham,Ipswich,4,1,W,L,3.79,0.65,5.0,5.0,0.0,1.0,23.0,9.0,13.0,2.0,2.0,8.0,53%,47%,87%,84%,3.0,1.0,12.0,6.0,1.0,1.0,9.2,6.2,3.2,1.0,39.0,3.4,14.4,14.4,81.8,0.0,1.0,0.0,1.0,1.0,14.6,4.0,3.0,1.0,43.0,3.6,14.6,14.6,81.2,0.0,1.0,0.0,15,16,5,4
1208089,2024,2024-10-05 14:00:00+00:00,7,P. Bankes,Manchester City,Fulham,3,2,W,L,1.57,2.6,8.0,3.0,2.0,1.0,20.0,11.0,7.0,4.0,2.0,4.0,58%,42%,91%,87%,0.0,3.0,4.0,10.0,2.4,2.4,20.8,9.4,2.8,1.0,67.2,7.4,6.6,6.6,90.6,0.0,1.0,0.0,1.6,1.6,16.8,5.4,3.4,1.0,51.6,5.6,15.0,15.0,84.0,0.0,1.0,0.0,2,6,14,11
1208087,2024,2024-10-05 16:30:00+00:00,7,C. Pawson,Everton,Newcastle,0,0,D,D,0.67,2.05,0.0,10.0,1.0,2.0,8.0,14.0,2.0,3.0,3.0,2.0,32%,68%,74%,86%,2.0,3.0,12.0,8.0,1.4,1.4,12.8,5.6,2.6,1.0,49.0,4.6,10.4,10.4,81.2,0.0,1.0,0.0,1.4,1.4,11.8,4.2,2.0,1.0,36.8,3.6,11.6,11.6,76.2,0.0,1.0,0.0,16,7,4,11
1208082,2024,2024-10-06 13:00:00+00:00,7,R. Jones,Aston Villa,Manchester United,0,0,D,D,0.5,0.56,6.0,3.0,1.0,5.0,11.0,10.0,1.0,4.0,4.0,1.0,54%,46%,83%,82%,0.0,1.0,12.0,11.0,0.8,0.8,13.0,6.4,3.4,1.0,53.4,5.0,12.4,12.4,85.2,0.0,1.0,0.0,2.0,2.0,10.8,4.0,2.2,1.0,52.6,4.6,12.8,12.8,86.6,0.0,1.0,0.0,5,14,13,7
1208085,2024,2024-10-06 13:00:00+00:00,7,C. Kavanagh,Chelsea,Nottingham Forest,1,1,D,D,2.46,0.87,11.0,3.0,6.0,4.0,22.0,16.0,8.0,9.0,8.0,7.0,66%,34%,88%,76%,1.0,3.0,12.0,11.0,1.0,1.0,11.8,5.2,3.6,1.0,37.8,4.0,11.4,11.4,76.2,0.0,1.0,0.0,1.0,1.0,11.8,5.2,3.6,1.0,37.8,4.0,11.4,11.4,76.2,0.0,1.0,0.0,4,11,13,9
1208084,2024,2024-10-06 15:30:00+00:00,7,D. Coote,Brighton,Tottenham,3,2,W,L,1.76,1.34,4.0,7.0,2.0,2.0,11.0,13.0,4.0,3.0,1.0,1.0,41%,59%,83%,88%,2.0,2.0,14.0,10.0,1.4,1.4,17.2,6.2,2.4,1.0,62.0,4.6,10.0,10.0,86.2,0.0,1.0,0.0,1.4,1.4,17.2,6.2,2.4,1.0,62.0,4.6,10.0,10.0,86.2,0.0,1.0,0.0,11,8,9,10
1208099,2024,2024-10-19 11:30:00+00:00,8,A. Madley,Tottenham,West Ham,4,1,W,L,1.92,0.78,13.0,5.0,1.0,3.0,22.0,11.0,7.0,4.0,2.0,4.0,57%,43%,87%,81%,2.0,1.0,10.0,15.0,1.4,1.4,15.6,4.4,2.8,1.0,45.2,5.6,13.6,13.6,83.2,0.0,1.0,0.0,1.8,1.8,19.0,7.6,3.4,1.0,59.6,6.8,12.2,12.2,86.0,0.0,1.0,0.0,9,12,10,8
1208095,2024,2024-10-19 14:00:00+00:00,8,S. Barrott,Manchester United,Brentford,2,1,W,L,1.33,0.86,9.0,2.0,2.0,2.0,23.0,8.0,11.0,2.0,1.0,9.0,50%,50%,84%,85%,1.0,3.0,4.0,5.0,0.6,0.6,12.8,6.2,4.0,1.0,52.2,5.0,12.0,12.0,84.2,0.0,1.0,0.0,0.6,0.6,12.8,6.2,4.0,1.0,52.2,5.0,12.0,12.0,84.2,0.0,1.0,0.0,13,11,8,10
1208096,2024,2024-10-19 14:00:00+00:00,8,P. Bankes,Newcastle,Brighton,0,1,L,W,2.02,1.12,9.0,4.0,2.0,2.0,21.0,10.0,6.0,5.0,4.0,6.0,60%,40%,82%,79%,3.0,0.0,11.0,9.0,1.2,1.2,12.8,5.8,2.6,1.0,50.4,4.2,10.4,10.4,82.6,0.0,1.0,0.0,1.6,1.6,16.6,6.2,2.6,1.0,60.6,4.4,11.0,11.0,85.8,0.0,1.0,0.0,8,7,12,12
1208092,2024,2024-10-19 14:00:00+00:00,8,D. England,Fulham,Aston Villa,1,3,L,W,1.78,1.68,6.0,11.0,3.0,5.0,10.0,14.0,4.0,5.0,4.0,3.0,52%,48%,87%,88%,2.0,2.0,8.0,11.0,1.6,1.6,15.4,4.6,3.2,1.0,49.2,5.2,14.2,14.2,84.4,0.0,1.0,0.0,1.6,1.6,15.4,4.6,3.2,1.0,49.2,5.2,14.2,14.2,84.4,0.0,1.0,0.0,9,6,11,14
1208098,2024,2024-10-19 14:00:00+00:00,8,A. Taylor,Southampton,Leicester,2,3,L,W,2.15,3.21,10.0,6.0,5.0,3.0,14.0,18.0,7.0,4.0,1.0,6.0,42%,58%,83%,85%,1.0,2.0,10.0,10.0,1.4,1.4,8.2,1.8,3.2,1.0,43.8,2.8,11.4,11.4,78.6,0.0,1.0,0.0,0.8,0.8,10.4,3.0,2.8,1.0,52.4,3.6,11.0,11.0,86.8,0.0,1.0,0.0,19,15,1,6
1208093,2024,2024-10-19 14:00:00+00:00,8,M. Oliver,Ipswich,Everton,0,2,L,W,1.25,1.74,5.0,7.0,1.0,1.0,13.0,11.0,2.0,8.0,6.0,2.0,55%,45%,87%,79%,1.0,0.0,12.0,10.0,1.0,1.0,10.8,7.0,2.8,1.0,43.4,3.6,12.6,12.6,82.2,0.0,1.0,0.0,1.0,1.0,10.8,7.0,2.8,1.0,43.4,3.6,12.6,12.6,82.2,0.0,1.0,0.0,17,16,4,5
1208091,2024,2024-10-19 16:30:00+00:00,8,R. Jones,Bournemouth,Arsenal,2,0,W,L,1.82,0.68,7.0,4.0,1.0,1.0,13.0,6.0,4.0,1.0,1.0,2.0,49%,51%,80%,79%,1.0,1.0,12.0,11.0,2.2,2.2,17.6,8.2,3.2,1.0,45.8,7.2,10.6,10.6,80.0,0.0,1.0,0.0,1.2,1.2,17.6,6.8,2.8,1.0,44.6,5.6,14.4,14.4,79.0,0.0,1.0,0.0,14,3,8,17
1208100,2024,2024-10-20 13:00:00+00:00,8,C. Kavanagh,Wolves,Manchester City,1,2,L,W,0.97,1.62,1.0,18.0,4.0,1.0,3.0,22.0,2.0,7.0,5.0,1.0,22%,78%,66%,90%,2.0,1.0,8.0,5.0,2.2,2.2,22.0,9.0,2.8,1.0,63.8,7.8,6.6,6.6,90.2,0.0,1.0,0.0,1.4,1.4,11.6,3.4,3.6,1.0,49.0,4.2,15.4,15.4,82.2,0.0,1.0,0.0,19,2,1,17
1208094,2024,2024-10-20 15:30:00+00:00,8,J. Brooks,Liverpool,Chelsea,2,1,W,L,1.94,0.99,1.0,5.0,4.0,3.0,9.0,12.0,5.0,2.0,1.0,3.0,43%,57%,80%,88%,5.0,0.0,12.0,13.0,2.0,2.0,14.4,6.2,4.6,1.0,56.8,6.0,10.0,10.0,85.4,0.0,1.0,0.0,1.8,1.8,14.0,6.0,2.2,1.0,59.6,6.2,11.0,11.0,85.6,0.0,1.0,0.0,2,6,18,14
1208097,2024,2024-10-21 19:00:00+00:00,8,T. Robinson,Nottingham Forest,Crystal Palace,1,0,W,L,1.76,0.97,6.0,6.0,2.0,3.0,20.0,20.0,6.0,7.0,7.0,5.0,50%,50%,82%,80%,2.0,2.0,9.0,12.0,1.0,1.0,10.4,3.8,3.8,1.0,37.6,4.2,10.8,10.8,74.6,0.0,1.0,0.0,0.8,0.8,12.8,4.8,1.8,1.0,45.8,4.2,9.8,9.8,77.2,0.0,1.0,0.0,12,18,10,3
1208110,2024,2024-10-25 19:00:00+00:00,9,C. Pawson,Leicester,Nottingham Forest,1,3,L,W,,,,,,,,,,,,,,,,,,,,,1.0,1.0,11.2,3.6,3.6,1.0,37.2,4.4,9.6,9.6,75.0,0.0,1.0,0.0,1.8,1.8,10.0,2.8,3.0,1.0,43.8,3.0,10.8,10.8,77.8,0.0,1.0,0.0,14,8,9,13
1208111,2024,2024-10-26 14:00:00+00:00,9,T. Harrington,Manchester City,Southampton,1,0,W,L,,,,,,,,,,,,,,,,,,,,,2.0,2.0,21.8,10.4,2.6,1.0,65.8,7.6,7.0,7.0,89.8,0.0,1.0,0.0,1.0,1.0,9.6,3.4,3.6,1.0,48.2,3.8,11.6,11.6,85.8,0.0,1.0,0.0,2,19,20,1
1208106,2024,2024-10-26 14:00:00+00:00,9,M. Oliver,Brighton,Wolves,2,2,D,D,,,,,,,,,,,,,,,,,,,,,1.6,1.6,14.2,5.6,2.6,1.0,55.8,4.6,11.4,11.4,84.4,0.0,1.0,0.0,1.4,1.4,10.0,3.0,3.6,1.0,43.8,4.0,13.4,13.4,79.8,0.0,1.0,0.0,6,19,15,1
1208105,2024,2024-10-26 14:00:00+00:00,9,L. Smith,Brentford,Ipswich,4,3,W,L,,,,,,,,,,,,,,,,,,,,,0.8,0.8,11.2,6.4,2.6,1.0,44.6,3.2,12.0,12.0,82.4,0.0,1.0,0.0,0.8,0.8,11.2,6.4,2.6,1.0,44.6,3.2,12.0,12.0,82.4,0.0,1.0,0.0,13,17,10,4
1208104,2024,2024-10-26 14:00:00+00:00,9,C. Kavanagh,Aston Villa,Bournemouth,1,1,D,D,,,,,,,,,,,,,,,,,,,,,2.2,2.2,11.6,5.8,2.2,1.0,56.8,4.2,11.6,11.6,87.8,0.0,1.0,0.0,1.0,1.0,16.8,7.4,2.8,1.0,43.8,5.0,14.6,14.6,79.6,0.0,1.0,0.0,4,12,17,11
1208109,2024,2024-10-26 16:30:00+00:00,9,J. Brooks,Everton,Fulham,1,1,D,D,,,,,,,,,,,,,,,,,,,,,1.4,1.4,10.0,3.0,2.0,1.0,37.0,3.8,11.8,11.8,77.0,0.0,1.0,0.0,1.6,1.6,15.6,4.6,3.2,1.0,49.4,5.2,12.8,12.8,84.6,0.0,1.0,0.0,16,12,8,11
1208112,2024,2024-10-27 13:00:00+00:00,9,D. Coote,West Ham,Manchester United,2,1,W,L,,,,,,,,,,,,,,,,,,,,,1.0,1.0,15.8,7.0,3.6,1.0,51.6,6.6,11.4,11.4,84.4,0.0,1.0,0.0,1.0,1.0,15.8,7.0,3.6,1.0,51.6,6.6,11.4,11.4,84.4,0.0,1.0,0.0,16,13,8,11
1208107,2024,2024-10-27 13:00:00+00:00,9,S. Hooper,Chelsea,Newcastle,2,1,W,L,,,,,,,,,,,,,,,,,,,,,0.8,0.8,15.2,6.2,2.2,1.0,55.6,4.8,9.4,9.4,85.0,0.0,1.0,0.0,0.8,0.8,15.2,6.2,2.2,1.0,55.6,4.8,9.4,9.4,85.0,0.0,1.0,0.0,7,12,14,12
1208108,2024,2024-10-27 13:00:00+00:00,9,D. Bond,Crystal Palace,Tottenham,1,0,W,L,,,,,,,,,,,,,,,,,,,,,0.6,0.6,15.0,5.2,2.0,1.0,48.4,5.0,9.6,9.6,77.4,0.0,1.0,0.0,0.6,0.6,15.0,5.2,2.0,1.0,48.4,5.0,9.6,9.6,77.4,0.0,1.0,0.0,18,8,3,13
1208103,2024,2024-10-27 15:30:00+00:00,9,A. Taylor,Arsenal,Liverpool,2,2,D,D,,,,,,,,,,,,,,,,,,,,,2.0,2.0,16.6,8.4,2.4,1.0,48.8,6.0,10.4,10.4,81.0,0.0,1.0,0.0,1.6,1.6,13.6,5.8,2.8,1.0,58.8,6.6,12.0,12.0,84.8,0.0,1.0,0.0,5,2,17,21
1208118,2024,2024-11-02 12:30:00+00:00,10,J. Brooks,Newcastle,Arsenal,1,0,W,L,,,,,,,,,,,,,,,,,,,,,0.6,0.6,15.5,6.0,2.0,1.0,56.75,4.5,10.25,10.25,84.25,0.0,1.0,0.0,2.2,2.2,19.0,9.0,2.25,1.0,52.0,6.5,10.5,10.5,82.25,0.0,1.0,0.0,12,3,12,18
1208119,2024,2024-11-02 15:00:00+00:00,10,P. Bankes,Nottingham Forest,West Ham,3,0,W,L,,,,,,,,,,,,,,,,,,,,,1.4,1.4,12.75,4.0,3.5,1.0,38.75,4.75,10.5,10.5,76.5,0.0,1.0,0.0,1.6,1.6,17.0,5.5,2.75,1.0,48.0,6.75,13.75,13.75,84.0,0.0,1.0,0.0,6,13,16,11
1208120,2024,2024-11-02 15:00:00+00:00,10,A. Madley,Southampton,Everton,1,0,W,L,,,,,,,,,,,,,,,,,,,,,1.2,1.2,11.0,3.25,1.5,1.0,39.5,4.25,11.75,11.75,77.25,0.0,1.0,0.0,1.0,1.0,10.5,4.25,4.25,1.0,49.25,3.75,11.75,11.75,85.25,0.0,1.0,0.0,20,16,1,9
1208115,2024,2024-11-02 15:00:00+00:00,10,T. Robinson,Ipswich,Leicester,1,1,D,D,,,,,,,,,,,,,,,,,,,,,1.4,1.4,12.5,7.5,2.5,1.0,48.0,3.75,11.0,11.0,85.5,0.0,1.0,0.0,1.4,1.4,12.5,7.5,2.5,1.0,48.0,3.75,11.0,11.0,85.5,0.0,1.0,0.0,18,15,4,9
1208116,2024,2024-11-02 15:00:00+00:00,10,T. Harrington,Liverpool,Brighton,2,1,W,L,,,,,,,,,,,,,,,,,,,,,2.0,2.0,12.5,4.75,2.25,1.0,52.5,4.25,10.75,10.75,84.0,0.0,1.0,0.0,2.0,2.0,13.5,5.5,2.5,1.0,56.25,7.0,11.25,11.25,85.0,0.0,1.0,0.0,2,6,22,16
1208113,2024,2024-11-02 15:00:00+00:00,10,M. Oliver,Bournemouth,Manchester City,2,1,W,L,,,,,,,,,,,,,,,,,,,,,1.8,1.8,22.75,10.0,2.5,1.0,68.75,7.75,6.5,6.5,90.0,0.0,1.0,0.0,1.2,1.2,16.25,7.75,2.0,1.0,46.5,4.5,14.25,14.25,82.0,0.0,1.0,0.0,12,1,12,23
1208122,2024,2024-11-02 17:30:00+00:00,10,A. Taylor,Wolves,Crystal Palace,2,2,D,D,,,,,,,,,,,,,,,,,,,,,0.4,0.4,13.75,5.25,2.5,1.0,43.75,5.25,9.25,9.25,75.5,0.0,1.0,0.0,1.6,1.6,9.5,2.75,3.75,1.0,42.5,3.75,12.5,12.5,78.75,0.0,1.0,0.0,20,17,2,6
1208121,2024,2024-11-03 14:00:00+00:00,10,C. Pawson,Tottenham,Aston Villa,4,1,W,L,,,,,,,,,,,,,,,,,,,,,2.4,2.4,20.5,8.0,2.25,1.0,56.25,7.5,11.25,11.25,86.25,0.0,1.0,0.0,1.8,1.8,10.25,5.75,2.5,1.0,52.75,3.25,12.0,12.0,87.0,0.0,1.0,0.0,10,5,13,18
1208117,2024,2024-11-03 16:30:00+00:00,10,R. Jones,Manchester United,Chelsea,1,1,D,D,,,,,,,,,,,,,,,,,,,,,0.6,0.6,14.75,7.0,3.5,1.0,50.5,5.75,10.75,10.75,82.75,0.0,1.0,0.0,0.6,0.6,14.75,7.0,3.5,1.0,50.5,5.75,10.75,10.75,82.75,0.0,1.0,0.0,13,6,11,17
1208114,2024,2024-11-04 20:00:00+00:00,10,S. Attwell,Fulham,Brentford,2,1,W,L,,,,,,,,,,,,,,,,,,,,,2.4,2.4,10.25,5.75,1.75,1.0,50.75,5.75,6.25,6.25,80.75,0.0,1.0,0.0,1.6,1.6,14.25,5.0,3.5,1.0,48.0,5.25,12.25,12.25,85.75,0.0,1.0,0.0,12,11,12,13
1208132,2024,2024-11-09 15:00:00+00:00,11,T. Bramall,Wolves,Southampton,2,0,W,L,,,,,,,,,,,,,,,,,,,,,1.0,1.0,10.333333333333334,5.0,4.333333333333333,1.0,47.666666666666664,4.0,10.333333333333334,10.333333333333334,84.66666666666667,0.0,1.0,0.0,1.0,1.0,10.333333333333334,5.0,4.333333333333333,1.0,47.666666666666664,4.0,10.333333333333334,10.333333333333334,84.66666666666667,0.0,1.0,0.0,20,19,3,4
1208131,2024,2024-11-09 15:00:00+00:00,11,S. Attwell,West Ham,Everton,0,0,D,D,,,,,,,,,,,,,,,,,,,,,1.0,1.0,9.0,4.0,1.3333333333333333,1.0,39.0,4.0,11.666666666666666,11.666666666666666,76.0,0.0,1.0,0.0,1.6,1.6,17.666666666666668,5.333333333333333,2.0,1.0,46.333333333333336,6.666666666666667,12.666666666666666,12.666666666666666,82.33333333333333,0.0,1.0,0.0,14,16,11,9
1208126,2024,2024-11-09 15:00:00+00:00,11,M. Salisbury,Crystal Palace,Fulham,0,2,L,W,,,,,,,,,,,,,,,,,,,,,0.8,0.8,15.333333333333334,5.666666666666667,2.3333333333333335,1.0,47.333333333333336,5.666666666666667,10.0,10.0,77.0,0.0,1.0,0.0,1.4,1.4,11.666666666666666,4.666666666666667,2.6666666666666665,1.0,51.0,3.3333333333333335,11.0,11.0,87.0,0.0,1.0,0.0,17,9,7,15
1208123,2024,2024-11-09 15:00:00+00:00,11,D. Bond,Brentford,Bournemouth,3,2,W,L,,,,,,,,,,,,,,,,,,,,,2.4,2.4,11.666666666666666,6.333333333333333,2.0,1.0,50.333333333333336,5.666666666666667,5.333333333333333,5.333333333333333,81.0,0.0,1.0,0.0,1.6,1.6,15.333333333333334,7.333333333333333,1.3333333333333333,1.0,48.333333333333336,4.0,15.0,15.0,81.0,0.0,1.0,0.0,12,10,13,15
1208124,2024,2024-11-09 17:30:00+00:00,11,S. Barrott,Brighton,Manchester City,2,1,W,L,,,,,,,,,,,,,,,,,,,,,1.8,1.8,12.0,3.3333333333333335,2.0,1.0,46.666666666666664,4.666666666666667,10.333333333333334,10.333333333333334,82.66666666666667,0.0,1.0,0.0,1.8,1.8,12.0,3.3333333333333335,2.0,1.0,46.666666666666664,4.666666666666667,10.333333333333334,10.333333333333334,82.66666666666667,0.0,1.0,0.0,9,2,16,23
1208127,2024,2024-11-09 20:00:00+00:00,11,D. Coote,Liverpool,Aston Villa,2,0,W,L,,,,,,,,,,,,,,,,,,,,,1.4,1.4,10.666666666666666,5.666666666666667,2.3333333333333335,1.0,52.666666666666664,3.0,12.333333333333334,12.333333333333334,86.66666666666667,0.0,1.0,0.0,1.8,1.8,11.666666666666666,6.333333333333333,3.0,1.0,55.333333333333336,5.0,11.666666666666666,11.666666666666666,83.66666666666667,0.0,1.0,0.0,1,8,25,18
1208128,2024,2024-11-10 14:00:00+00:00,11,P. Bankes,Manchester United,Leicester,3,0,W,L,,,,,,,,,,,,,,,,,,,,,0.8,0.8,14.666666666666666,5.666666666666667,4.0,1.0,45.0,5.666666666666667,10.333333333333334,10.333333333333334,81.66666666666667,0.0,1.0,0.0,0.8,0.8,14.666666666666666,5.666666666666667,4.0,1.0,45.0,5.666666666666667,10.333333333333334,10.333333333333334,81.66666666666667,0.0,1.0,0.0,13,15,12,10
1208130,2024,2024-11-10 14:00:00+00:00,11,D. England,Tottenham,Ipswich,1,2,L,W,,,,,,,,,,,,,,,,,,,,,1.4,1.4,12.333333333333334,6.666666666666667,2.0,1.0,48.666666666666664,3.0,9.333333333333334,9.333333333333334,85.33333333333333,0.0,1.0,0.0,2.6,2.6,19.666666666666668,7.666666666666667,2.0,1.0,59.0,6.666666666666667,11.333333333333334,11.333333333333334,87.66666666666667,0.0,1.0,0.0,9,19,16,5
1208129,2024,2024-11-10 14:00:00+00:00,11,A. Taylor,Nottingham Forest,Newcastle,1,3,L,W,,,,,,,,,,,,,,,,,,,,,0.6,0.6,15.333333333333334,8.0,2.6666666666666665,1.0,55.333333333333336,4.333333333333333,11.0,11.0,82.33333333333333,0.0,1.0,0.0,1.6,1.6,15.666666666666666,5.0,2.6666666666666665,1.0,41.666666666666664,5.333333333333333,10.333333333333334,10.333333333333334,79.0,0.0,1.0,0.0,3,13,19,15
1208125,2024,2024-11-10 16:30:00+00:00,11,M. Oliver,Chelsea,Arsenal,1,1,D,D,,,,,,,,,,,,,,,,,,,,,1.8,1.8,23.666666666666668,11.333333333333334,1.0,1.0,61.666666666666664,7.666666666666667,10.666666666666666,10.666666666666666,86.0,0.0,1.0,0.0,1.8,1.8,23.666666666666668,11.333333333333334,1.0,1.0,61.666666666666664,7.666666666666667,10.666666666666666,10.666666666666666,86.0,0.0,1.0,0.0,5,6,18,18
1208139,2024,2024-11-23 12:30:00+00:00,12,A. Madley,Leicester,Chelsea,1,2,L,W,,,,,,,,,,,,,,,,,,,,,1.2,1.2,17.0,8.0,4.5,1.0,61.5,5.0,12.5,12.5,88.0,0.0,1.0,0.0,1.2,1.2,12.0,3.0,3.5,1.0,51.0,3.0,11.0,11.0,80.5,0.0,1.0,0.0,15,3,10,19
1208133,2024,2024-11-23 15:00:00+00:00,12,S. Attwell,Bournemouth,Brighton,1,2,L,W,,,,,,,,,,,,,,,,,,,,,1.8,1.8,10.5,4.0,2.0,1.0,40.5,4.5,11.5,11.5,81.0,0.0,1.0,0.0,1.8,1.8,10.5,4.0,2.0,1.0,40.5,4.5,11.5,11.5,81.0,0.0,1.0,0.0,12,6,15,19
1208137,2024,2024-11-23 15:00:00+00:00,12,R. Jones,Fulham,Wolves,1,4,L,W,,,,,,,,,,,,,,,,,,,,,1.6,1.6,10.5,4.5,2.0,1.0,47.0,4.0,9.0,9.0,87.0,0.0,1.0,0.0,1.6,1.6,10.5,4.5,2.0,1.0,47.0,4.0,9.0,9.0,87.0,0.0,1.0,0.0,7,19,18,6
1208134,2024,2024-11-23 15:00:00+00:00,12,S. Hooper,Arsenal,Nottingham Forest,3,0,W,L,,,,,,,,,,,,,,,,,,,,,1.2,1.2,17.5,8.5,0.5,1.0,55.0,3.5,10.5,10.5,84.5,0.0,1.0,0.0,1.8,1.8,18.0,4.5,3.0,1.0,42.0,7.5,10.0,10.0,79.0,0.0,1.0,0.0,5,6,19,19
1208136,2024,2024-11-23 15:00:00+00:00,12,C. Kavanagh,Everton,Brentford,0,0,D,D,,,,,,,,,,,,,,,,,,,,,0.6,0.6,9.5,3.5,1.0,1.0,38.5,5.0,11.0,11.0,76.5,0.0,1.0,0.0,0.6,0.6,9.5,3.5,1.0,1.0,38.5,5.0,11.0,11.0,76.5,0.0,1.0,0.0,15,11,10,16
1208135,2024,2024-11-23 15:00:00+00:00,12,T. Robinson,Aston Villa,Crystal Palace,2,2,D,D,,,,,,,,,,,,,,,,,,,,,0.6,0.6,14.5,4.5,3.5,1.0,41.0,6.0,9.5,9.5,75.0,0.0,1.0,0.0,1.0,1.0,12.5,8.5,3.0,1.0,51.0,3.0,11.5,11.5,85.5,0.0,1.0,0.0,9,19,18,7
1208140,2024,2024-11-23 17:30:00+00:00,12,J. Brooks,Manchester City,Tottenham,0,4,L,W,,,,,,,,,,,,,,,,,,,,,1.6,1.6,21.0,13.0,1.5,1.0,68.0,7.0,4.5,4.5,90.5,0.0,1.0,0.0,1.6,1.6,21.0,13.0,1.5,1.0,68.0,7.0,4.5,4.5,90.5,0.0,1.0,0.0,2,11,23,16
1208142,2024,2024-11-24 14:00:00+00:00,12,S. Barrott,Southampton,Liverpool,2,3,L,W,,,,,,,,,,,,,,,,,,,,,0.8,0.8,11.0,5.5,4.0,1.0,41.5,4.5,9.5,9.5,84.0,0.0,1.0,0.0,1.8,1.8,12.5,4.5,3.0,1.0,55.5,4.5,13.5,13.5,83.0,0.0,1.0,0.0,20,1,4,28
1208138,2024,2024-11-24 16:30:00+00:00,12,A. Taylor,Ipswich,Manchester United,1,1,D,D,,,,,,,,,,,,,,,,,,,,,1.4,1.4,16.5,6.0,3.5,1.0,48.0,7.5,7.5,7.5,83.0,0.0,1.0,0.0,1.4,1.4,16.5,6.0,3.5,1.0,48.0,7.5,7.5,7.5,83.0,0.0,1.0,0.0,19,12,8,15
1208141,2024,2024-11-25 20:00:00+00:00,12,C. Pawson,Newcastle,West Ham,0,2,L,W,,,,,,,,,,,,,,,,,,,,,1.0,1.0,17.5,9.5,2.0,1.0,64.0,4.5,9.5,9.5,84.0,0.0,1.0,0.0,1.4,1.4,17.0,5.0,1.5,1.0,48.0,8.5,13.5,13.5,84.0,0.0,1.0,0.0,9,14,18,12
1208144,2024,2024-11-29 20:00:00+00:00,13,R. Jones,Brighton,Southampton,1,1,D,D,,,,,,,,,,,,,,,,,,,,,1.6,1.6,10.0,4.0,2.0,1.0,40.0,5.0,9.0,9.0,79.0,0.0,1.0,0.0,1.0,1.0,14.0,10.0,5.0,1.0,42.0,7.0,10.0,10.0,83.0,0.0,1.0,0.0,5,20,22,4
1208152,2024,2024-11-30 15:00:00+00:00,13,P. Bankes,Wolves,Bournemouth,2,4,L,W,,,,,,,,,,,,,,,,,,,,,1.6,1.6,13.0,7.0,1.0,1.0,49.0,4.0,12.0,12.0,80.0,0.0,1.0,0.0,2.2,2.2,3.0,1.0,4.0,1.0,22.0,2.0,8.0,8.0,66.0,0.0,1.0,0.0,17,13,9,15
1208146,2024,2024-11-30 15:00:00+00:00,13,D. England,Crystal Palace,Newcastle,1,1,D,D,,,,,,,,,,,,,,,,,,,,,1.0,1.0,21.0,9.0,2.0,1.0,60.0,6.0,11.0,11.0,82.0,0.0,1.0,0.0,1.0,1.0,20.0,6.0,3.0,1.0,50.0,7.0,12.0,12.0,80.0,0.0,1.0,0.0,19,11,8,18
1208143,2024,2024-11-30 15:00:00+00:00,13,M. Oliver,Brentford,Leicester,4,1,W,L,,,,,,,,,,,,,,,,,,,,,1.8,1.8,8.0,2.0,2.0,1.0,50.0,2.0,5.0,5.0,85.0,0.0,1.0,0.0,1.2,1.2,18.0,6.0,3.0,1.0,58.0,4.0,10.0,10.0,85.0,0.0,1.0,0.0,12,16,17,10
1208149,2024,2024-11-30 15:00:00+00:00,13,T. Harrington,Nottingham Forest,Ipswich,1,0,W,L,,,,,,,,,,,,,,,,,,,,,1.4,1.4,13.0,5.0,1.0,1.0,55.0,2.0,12.0,12.0,87.0,0.0,1.0,0.0,1.4,1.4,13.0,5.0,1.0,1.0,55.0,2.0,12.0,12.0,87.0,0.0,1.0,0.0,8,19,19,9
1208151,2024,2024-11-30 17:30:00+00:00,13,A. Taylor,West Ham,Arsenal,2,5,L,W,,,,,,,,,,,,,,,,,,,,,1.2,1.2,6.0,4.0,1.0,1.0,51.0,1.0,11.0,11.0,79.0,0.0,1.0,0.0,1.0,1.0,11.0,5.0,3.0,1.0,43.0,4.0,15.0,15.0,81.0,0.0,1.0,0.0,14,5,15,22
1208148,2024,2024-12-01 13:30:00+00:00,13,J. Brooks,Manchester United,Everton,4,0,W,L,,,,,,,,,,,,,,,,,,,,,1.6,1.6,23.0,9.0,2.0,1.0,50.0,11.0,4.0,4.0,84.0,0.0,1.0,0.0,1.6,1.6,23.0,9.0,2.0,1.0,50.0,11.0,4.0,4.0,84.0,0.0,1.0,0.0,13,15,16,11
1208150,2024,2024-12-01 13:30:00+00:00,13,D. Bond,Tottenham,Fulham,1,1,D,D,,,,,,,,,,,,,,,,,,,,,1.4,1.4,10.0,6.0,3.0,1.0,52.0,4.0,8.0,8.0,87.0,0.0,1.0,0.0,1.4,1.4,10.0,6.0,3.0,1.0,52.0,4.0,8.0,8.0,87.0,0.0,1.0,0.0,8,13,19,18
1208145,2024,2024-12-01 13:30:00+00:00,13,S. Attwell,Chelsea,Aston Villa,3,0,W,L,,,,,,,,,,,,,,,,,,,,,1.4,1.4,12.0,5.0,3.0,1.0,57.0,2.0,13.0,13.0,88.0,0.0,1.0,0.0,1.4,1.4,14.0,11.0,5.0,1.0,48.0,5.0,11.0,11.0,88.0,0.0,1.0,0.0,5,10,22,19
1208147,2024,2024-12-01 16:00:00+00:00,13,C. Kavanagh,Liverpool,Manchester City,2,0,W,L,,,,,,,,,,,,,,,,,,,,,1.0,1.0,22.0,18.0,1.0,1.0,78.0,7.0,5.0,5.0,90.0,0.0,1.0,0.0,2.2,2.2,9.0,1.0,4.0,1.0,43.0,5.0,12.0,12.0,80.0,0.0,1.0,0.0,1,5,31,23
1208158,2024,2024-12-03 19:30:00+00:00,14,C. Pawson,Ipswich,Crystal Palace,0,1,L,W,,,,,,,,,,,,,,,,,,,,,1.4,1.4,,,,1.0,,,,,,0.0,1.0,0.0,1.2,1.2,,,,1.0,,,,,,0.0,1.0,0.0,19,17,9,9
1208159,2024,2024-12-03 20:15:00+00:00,14,J. Smith,Leicester,West Ham,3,1,W,L,,,,,,,,,,,,,,,,,,,,,1.2,1.2,,,,1.0,,,,,,0.0,1.0,0.0,1.2,1.2,,,,1.0,,,,,,0.0,1.0,0.0,17,14,10,15
1208161,2024,2024-12-04 19:30:00+00:00,14,A. Madley,Newcastle,Liverpool,3,3,D,D,,,,,,,,,,,,,,,,,,,,,1.2,1.2,,,,1.0,,,,,,0.0,1.0,0.0,2.2,2.2,,,,1.0,,,,,,0.0,1.0,0.0,11,1,19,34
1208162,2024,2024-12-04 19:30:00+00:00,14,T. Harrington,Southampton,Chelsea,1,5,L,W,,,,,,,,,,,,,,,,,,,,,1.8,1.8,,,,1.0,,,,,,0.0,1.0,0.0,0.8,0.8,,,,1.0,,,,,,0.0,1.0,0.0,20,3,5,25
1208156,2024,2024-12-04 19:30:00+00:00,14,M. Salisbury,Everton,Wolves,4,0,W,L,,,,,,,,,,,,,,,,,,,,,0.2,0.2,,,,1.0,,,,,,0.0,1.0,0.0,2.4,2.4,,,,1.0,,,,,,0.0,1.0,0.0,17,18,11,9
1208160,2024,2024-12-04 19:30:00+00:00,14,M. Oliver,Manchester City,Nottingham Forest,3,0,W,L,,,,,,,,,,,,,,,,,,,,,1.6,1.6,,,,1.0,,,,,,0.0,1.0,0.0,0.6,0.6,,,,1.0,,,,,,0.0,1.0,0.0,5,6,23,22
1208154,2024,2024-12-04 20:15:00+00:00,14,S. Barrott,Arsenal,Manchester United,2,0,W,L,,,,,,,,,,,,,,,,,,,,,2.0,2.0,,,,1.0,,,,,,0.0,1.0,0.0,2.0,2.0,,,,1.0,,,,,,0.0,1.0,0.0,4,10,25,19
1208155,2024,2024-12-04 20:15:00+00:00,14,L. Smith,Aston Villa,Brentford,3,1,W,L,,,,,,,,,,,,,,,,,,,,,2.4,2.4,,,,1.0,,,,,,0.0,1.0,0.0,0.8,0.8,,,,1.0,,,,,,0.0,1.0,0.0,12,8,19,20
1208157,2024,2024-12-05 19:30:00+00:00,14,P. Bankes,Fulham,Brighton,3,1,W,L,,,,,,,,,,,,,,,,,,,,,1.6,1.6,,,,1.0,,,,,,0.0,1.0,0.0,1.4,1.4,,,,1.0,,,,,,0.0,1.0,0.0,12,5,19,23
1208153,2024,2024-12-05 20:15:00+00:00,14,S. Hooper,Bournemouth,Tottenham,1,0,W,L,,,,,,,,,,,,,,,,,,,,,2.0,2.0,,,,1.0,,,,,,0.0,1.0,0.0,2.0,2.0,,,,1.0,,,,,,0.0,1.0,0.0,13,9,18,20
1208163,2024,2024-12-07 15:00:00+00:00,15,D. Bond,Aston Villa,Southampton,1,0,W,L,,,,,,,,,,,,,,,,,,,,,1.0,1.0,,,,1.0,,,,,,0.0,1.0,0.0,1.0,1.0,,,,1.0,,,,,,0.0,1.0,0.0,9,20,22,5
1208164,2024,2024-12-07 15:00:00+00:00,15,S. Hooper,Brentford,Newcastle,4,2,W,L,,,,,,,,,,,,,,,,,,,,,1.6,1.6,,,,1.0,,,,,,0.0,1.0,0.0,1.6,1.6,,,,1.0,,,,,,0.0,1.0,0.0,11,12,20,20
1208165,2024,2024-12-07 15:00:00+00:00,15,R. Jones,Crystal Palace,Manchester City,2,2,D,D,,,,,,,,,,,,,,,,,,,,,1.2,1.2,,,,1.0,,,,,,0.0,1.0,0.0,1.2,1.2,,,,1.0,,,,,,0.0,1.0,0.0,17,4,12,26
1208170,2024,2024-12-07 17:30:00+00:00,15,D. England,Manchester United,Nottingham Forest,2,3,L,W,,,,,,,,,,,,,,,,,,,,,1.8,1.8,,,,1.0,,,,,,0.0,1.0,0.0,1.8,1.8,,,,1.0,,,,,,0.0,1.0,0.0,13,9,19,22
1208167,2024,2024-12-08 14:00:00+00:00,15,C. Kavanagh,Fulham,Arsenal,1,1,D,D,,,,,,,,,,,,,,,,,,,,,2.2,2.2,,,,1.0,,,,,,0.0,1.0,0.0,1.8,1.8,,,,1.0,,,,,,0.0,1.0,0.0,9,3,22,28
1208169,2024,2024-12-08 14:00:00+00:00,15,S. Attwell,Leicester,Brighton,2,2,D,D,,,,,,,,,,,,,,,,,,,,,1.2,1.2,,,,1.0,,,,,,0.0,1.0,0.0,1.4,1.4,,,,1.0,,,,,,0.0,1.0,0.0,17,8,13,23
1208168,2024,2024-12-08 14:00:00+00:00,15,M. Salisbury,Ipswich,Bournemouth,1,2,L,W,,,,,,,,,,,,,,,,,,,,,0.8,0.8,,,,1.0,,,,,,0.0,1.0,0.0,2.0,2.0,,,,1.0,,,,,,0.0,1.0,0.0,18,10,9,21
1208171,2024,2024-12-08 16:30:00+00:00,15,A. Taylor,Tottenham,Chelsea,3,4,L,W,,,,,,,,,,,,,,,,,,,,,2.4,2.4,,,,1.0,,,,,,0.0,1.0,0.0,2.0,2.0,,,,1.0,,,,,,0.0,1.0,0.0,11,3,20,28
1208172,2024,2024-12-09 20:00:00+00:00,15,J. Brooks,West Ham,Wolves,2,1,W,L,,,,,,,,,,,,,,,,,,,,,1.0,1.0,,,,1.0,,,,,,0.0,1.0,0.0,2.0,2.0,,,,1.0,,,,,,0.0,1.0,0.0,14,19,15,9
1208179,2024,2024-12-14 15:00:00+00:00,16,T. Bramall,Newcastle,Leicester,4,0,W,L,,,,,,,,,,,,,,,,,,,,,1.8,1.8,,,,1.0,,,,,,0.0,1.0,0.0,1.4,1.4,,,,1.0,,,,,,0.0,1.0,0.0,12,16,20,14
1208182,2024,2024-12-14 15:00:00+00:00,16,S. Hooper,Wolves,Ipswich,1,2,L,W,,,,,,,,,,,,,,,,,,,,,0.8,0.8,,,,1.0,,,,,,0.0,1.0,0.0,1.8,1.8,,,,1.0,,,,,,0.0,1.0,0.0,19,18,9,9
1208177,2024,2024-12-14 15:00:00+00:00,16,T. Harrington,Liverpool,Fulham,2,2,D,D,,,,,,,,,,,,,,,,,,,,,1.6,1.6,,,,1.0,,,,,,0.0,1.0,0.0,1.6,1.6,,,,1.0,,,,,,0.0,1.0,0.0,1,11,35,23
1208174,2024,2024-12-14 15:00:00+00:00,16,C. Pawson,Arsenal,Everton,0,0,D,D,,,,,,,,,,,,,,,,,,,,,2.4,2.4,,,,1.0,,,,,,0.0,1.0,0.0,0.8,0.8,,,,1.0,,,,,,0.0,1.0,0.0,3,15,29,14
1208180,2024,2024-12-14 17:30:00+00:00,16,S. Barrott,Nottingham Forest,Aston Villa,2,1,W,L,,,,,,,,,,,,,,,,,,,,,1.0,1.0,,,,1.0,,,,,,0.0,1.0,0.0,1.2,1.2,,,,1.0,,,,,,0.0,1.0,0.0,5,6,25,25
1208175,2024,2024-12-15 14:00:00+00:00,16,M. Oliver,Brighton,Crystal Palace,1,3,L,W,,,,,,,,,,,,,,,,,,,,,1.6,1.6,,,,1.0,,,,,,0.0,1.0,0.0,1.6,1.6,,,,1.0,,,,,,0.0,1.0,0.0,7,17,24,13
1208178,2024,2024-12-15 16:30:00+00:00,16,A. Taylor,Manchester City,Manchester United,1,2,L,W,,,,,,,,,,,,,,,,,,,,,2.0,2.0,,,,1.0,,,,,,0.0,1.0,0.0,1.2,1.2,,,,1.0,,,,,,0.0,1.0,0.0,5,13,27,19
1208181,2024,2024-12-15 19:00:00+00:00,16,D. England,Southampton,Tottenham,0,5,L,W,,,,,,,,,,,,,,,,,,,,,0.8,0.8,,,,1.0,,,,,,0.0,1.0,0.0,0.8,0.8,,,,1.0,,,,,,0.0,1.0,0.0,20,13,5,20
1208176,2024,2024-12-15 19:00:00+00:00,16,P. Bankes,Chelsea,Brentford,2,1,W,L,,,,,,,,,,,,,,,,,,,,,2.4,2.4,,,,1.0,,,,,,0.0,1.0,0.0,3.0,3.0,,,,1.0,,,,,,0.0,1.0,0.0,2,11,31,23
1208173,2024,2024-12-16 20:00:00+00:00,16,C. Kavanagh,Bournemouth,West Ham,1,1,D,D,,,,,,,,,,,,,,,,,,,,,1.4,1.4,,,,1.0,,,,,,0.0,1.0,0.0,2.0,2.0,,,,1.0,,,,,,0.0,1.0,0.0,7,14,24,18
1208183,2024,2024-12-21 12:30:00+00:00,17,P. Bankes,Aston Villa,Manchester City,2,1,W,L,,,,,,,,,,,,,,,,,,,,,1.2,1.2,,,,1.0,,,,,,0.0,1.0,0.0,1.4,1.4,,,,1.0,,,,,,0.0,1.0,0.0,7,5,25,27
1208192,2024,2024-12-21 15:00:00+00:00,17,R. Jones,West Ham,Brighton,1,1,D,D,,,,,,,,,,,,,,,,,,,,,1.6,1.6,,,,1.0,,,,,,0.0,1.0,0.0,1.4,1.4,,,,1.0,,,,,,0.0,1.0,0.0,14,9,19,24
1208184,2024,2024-12-21 15:00:00+00:00,17,M. Oliver,Brentford,Nottingham Forest,0,2,L,W,,,,,,,,,,,,,,,,,,,,,1.2,1.2,,,,1.0,,,,,,0.0,1.0,0.0,1.2,1.2,,,,1.0,,,,,,0.0,1.0,0.0,11,4,23,28
1208188,2024,2024-12-21 15:00:00+00:00,17,S. Attwell,Ipswich,Newcastle,0,4,L,W,,,,,,,,,,,,,,,,,,,,,0.8,0.8,,,,1.0,,,,,,0.0,1.0,0.0,0.8,0.8,,,,1.0,,,,,,0.0,1.0,0.0,18,11,12,23
1208185,2024,2024-12-21 17:30:00+00:00,17,S. Hooper,Crystal Palace,Arsenal,1,5,L,W,,,,,,,,,,,,,,,,,,,,,2.2,2.2,,,,1.0,,,,,,0.0,1.0,0.0,1.8,1.8,,,,1.0,,,,,,0.0,1.0,0.0,15,4,16,30
1208189,2024,2024-12-22 14:00:00+00:00,17,A. Taylor,Leicester,Wolves,0,3,L,W,,,,,,,,,,,,,,,,,,,,,1.4,1.4,,,,1.0,,,,,,0.0,1.0,0.0,1.6,1.6,,,,1.0,,,,,,0.0,1.0,0.0,17,19,14,9
1208186,2024,2024-12-22 14:00:00+00:00,17,C. Kavanagh,Everton,Chelsea,0,0,D,D,,,,,,,,,,,,,,,,,,,,,0.8,0.8,,,,1.0,,,,,,0.0,1.0,0.0,0.8,0.8,,,,1.0,,,,,,0.0,1.0,0.0,16,2,15,34
1208190,2024,2024-12-22 14:00:00+00:00,17,C. Pawson,Manchester United,Bournemouth,0,3,L,W,,,,,,,,,,,,,,,,,,,,,1.8,1.8,,,,1.0,,,,,,0.0,1.0,0.0,1.8,1.8,,,,1.0,,,,,,0.0,1.0,0.0,13,8,22,25
1208187,2024,2024-12-22 14:00:00+00:00,17,T. Robinson,Fulham,Southampton,0,0,D,D,,,,,,,,,,,,,,,,,,,,,1.6,1.6,,,,1.0,,,,,,0.0,1.0,0.0,1.6,1.6,,,,1.0,,,,,,0.0,1.0,0.0,10,20,24,5
1208191,2024,2024-12-22 16:30:00+00:00,17,S. Barrott,Tottenham,Liverpool,3,6,L,W,,,,,,,,,,,,,,,,,,,,,2.6,2.6,,,,1.0,,,,,,0.0,1.0,0.0,2.4,2.4,,,,1.0,,,,,,0.0,1.0,0.0,11,1,23,36
1208198,2024,2024-12-26 12:30:00+00:00,18,S. Hooper,Manchester City,Everton,1,1,D,D,,,,,,,,,,,,,,,,,,,,,0.8,0.8,,,,1.0,,,,,,0.0,1.0,0.0,1.4,1.4,,,,1.0,,,,,,0.0,1.0,0.0,7,15,27,16
1208199,2024,2024-12-26 15:00:00+00:00,18,A. Taylor,Newcastle,Aston Villa,3,0,W,L,,,,,,,,,,,,,,,,,,,,,2.8,2.8,,,,1.0,,,,,,0.0,1.0,0.0,1.4,1.4,,,,1.0,,,,,,0.0,1.0,0.0,8,7,26,28
1208193,2024,2024-12-26 15:00:00+00:00,18,T. Bramall,Bournemouth,Crystal Palace,0,0,D,D,,,,,,,,,,,,,,,,,,,,,1.6,1.6,,,,1.0,,,,,,0.0,1.0,0.0,2.2,2.2,,,,1.0,,,,,,0.0,1.0,0.0,6,16,28,16
1208201,2024,2024-12-26 15:00:00+00:00,18,L. Smith,Southampton,West Ham,0,1,L,W,,,,,,,,,,,,,,,,,,,,,1.4,1.4,,,,1.0,,,,,,0.0,1.0,0.0,0.4,0.4,,,,1.0,,,,,,0.0,1.0,0.0,20,14,6,20
1208196,2024,2024-12-26 15:00:00+00:00,18,S. Barrott,Chelsea,Fulham,1,2,L,W,,,,,,,,,,,,,,,,,,,,,2.8,2.8,,,,1.0,,,,,,0.0,1.0,0.0,1.4,1.4,,,,1.0,,,,,,0.0,1.0,0.0,2,9,35,25
1208200,2024,2024-12-26 15:00:00+00:00,18,C. Pawson,Nottingham Forest,Tottenham,1,0,W,L,,,,,,,,,,,,,,,,,,,,,1.6,1.6,,,,1.0,,,,,,0.0,1.0,0.0,2.4,2.4,,,,1.0,,,,,,0.0,1.0,0.0,4,11,31,23
1208202,2024,2024-12-26 17:30:00+00:00,18,T. Harrington,Wolves,Manchester United,2,0,W,L,,,,,,,,,,,,,,,,,,,,,1.6,1.6,,,,1.0,,,,,,0.0,1.0,0.0,1.4,1.4,,,,1.0,,,,,,0.0,1.0,0.0,18,14,12,22
1208197,2024,2024-12-26 20:00:00+00:00,18,D. Bond,Liverpool,Leicester,3,1,W,L,,,,,,,,,,,,,,,,,,,,,1.2,1.2,,,,1.0,,,,,,0.0,1.0,0.0,3.2,3.2,,,,1.0,,,,,,0.0,1.0,0.0,1,18,39,14
1208195,2024,2024-12-27 19:30:00+00:00,18,A. Madley,Brighton,Brentford,0,0,D,D,,,,,,,,,,,,,,,,,,,,,2.0,2.0,,,,1.0,,,,,,0.0,1.0,0.0,1.2,1.2,,,,1.0,,,,,,0.0,1.0,0.0,10,12,25,23
1208194,2024,2024-12-27 20:15:00+00:00,18,D. England,Arsenal,Ipswich,1,0,W,L,,,,,,,,,,,,,,,,,,,,,0.6,0.6,,,,1.0,,,,,,0.0,1.0,0.0,0.6,0.6,,,,1.0,,,,,,0.0,1.0,0.0,4,19,33,12
1208209,2024,2024-12-29 14:30:00+00:00,19,M. Oliver,Leicester,Manchester City,0,2,L,W,,,,,,,,,,,,,,,,,,,,,1.2,1.2,,,,1.0,,,,,,0.0,1.0,0.0,1.6,1.6,,,,1.0,,,,,,0.0,1.0,0.0,18,7,14,28
1208207,2024,2024-12-29 15:00:00+00:00,19,R. Jones,Fulham,Bournemouth,2,2,D,D,,,,,,,,,,,,,,,,,,,,,1.6,1.6,,,,1.0,,,,,,0.0,1.0,0.0,1.6,1.6,,,,1.0,,,,,,0.0,1.0,0.0,8,7,28,29
1208206,2024,2024-12-29 15:00:00+00:00,19,T. Harrington,Everton,Nottingham Forest,0,2,L,W,,,,,,,,,,,,,,,,,,,,,1.0,1.0,,,,1.0,,,,,,0.0,1.0,0.0,1.6,1.6,,,,1.0,,,,,,0.0,1.0,0.0,15,4,17,34
1208211,2024,2024-12-29 15:00:00+00:00,19,C. Kavanagh,Tottenham,Wolves,2,2,D,D,,,,,,,,,,,,,,,,,,,,,2.2,2.2,,,,1.0,,,,,,0.0,1.0,0.0,1.4,1.4,,,,1.0,,,,,,0.0,1.0,0.0,12,17,23,15
1208205,2024,2024-12-29 15:00:00+00:00,19,M. Salisbury,Crystal Palace,Southampton,2,1,W,L,,,,,,,,,,,,,,,,,,,,,1.4,1.4,,,,1.0,,,,,,0.0,1.0,0.0,0.2,0.2,,,,1.0,,,,,,0.0,1.0,0.0,15,20,17,6
1208212,2024,2024-12-29 17:15:00+00:00,19,A. Taylor,West Ham,Liverpool,0,5,L,W,,,,,,,,,,,,,,,,,,,,,1.2,1.2,,,,1.0,,,,,,0.0,1.0,0.0,3.2,3.2,,,,1.0,,,,,,0.0,1.0,0.0,13,1,23,42
1208208,2024,2024-12-30 19:45:00+00:00,19,J. Brooks,Ipswich,Chelsea,2,0,W,L,,,,,,,,,,,,,,,,,,,,,0.6,0.6,,,,1.0,,,,,,0.0,1.0,0.0,0.6,0.6,,,,1.0,,,,,,0.0,1.0,0.0,19,4,12,35
1208203,2024,2024-12-30 19:45:00+00:00,19,C. Pawson,Aston Villa,Brighton,2,2,D,D,,,,,,,,,,,,,,,,,,,,,1.0,1.0,,,,1.0,,,,,,0.0,1.0,0.0,1.0,1.0,,,,1.0,,,,,,0.0,1.0,0.0,9,10,28,26
1208210,2024,2024-12-30 20:00:00+00:00,19,S. Hooper,Manchester United,Newcastle,0,2,L,W,,,,,,,,,,,,,,,,,,,,,0.8,0.8,,,,1.0,,,,,,0.0,1.0,0.0,0.8,0.8,,,,1.0,,,,,,0.0,1.0,0.0,14,7,22,29
1208204,2024,2025-01-01 17:30:00+00:00,19,P. Bankes,Brentford,Arsenal,1,3,L,W,,,,,,,,,,,,,,,,,,,,,1.8,1.8,,,,1.0,,,,,,0.0,1.0,0.0,1.8,1.8,,,,1.0,,,,,,0.0,1.0,0.0,12,3,24,36
1208221,2024,2025-01-04 12:30:00+00:00,20,A. Madley,Tottenham,Newcastle,1,2,L,W,,,,,,,,,,,,,,,,,,,,,3.0,3.0,,,,1.0,,,,,,0.0,1.0,0.0,2.6,2.6,,,,1.0,,,,,,0.0,1.0,0.0,11,5,24,32
1208213,2024,2025-01-04 15:00:00+00:00,20,J. Brooks,Bournemouth,Everton,1,0,W,L,,,,,,,,,,,,,,,,,,,,,1.0,1.0,,,,1.0,,,,,,0.0,1.0,0.0,1.6,1.6,,,,1.0,,,,,,0.0,1.0,0.0,7,16,30,17
1208220,2024,2025-01-04 15:00:00+00:00,20,S. Attwell,Southampton,Brentford,0,5,L,W,,,,,,,,,,,,,,,,,,,,,1.2,1.2,,,,1.0,,,,,,0.0,1.0,0.0,0.2,0.2,,,,1.0,,,,,,0.0,1.0,0.0,20,12,6,24
1208219,2024,2025-01-04 15:00:00+00:00,20,M. Salisbury,Manchester City,West Ham,4,1,W,L,,,,,,,,,,,,,,,,,,,,,1.0,1.0,,,,1.0,,,,,,0.0,1.0,0.0,1.4,1.4,,,,1.0,,,,,,0.0,1.0,0.0,7,13,31,23
1208216,2024,2025-01-04 15:00:00+00:00,20,T. Robinson,Crystal Palace,Chelsea,1,1,D,D,,,,,,,,,,,,,,,,,,,,,1.4,1.4,,,,1.0,,,,,,0.0,1.0,0.0,1.6,1.6,,,,1.0,,,,,,0.0,1.0,0.0,15,4,20,35
1208214,2024,2025-01-04 15:00:00+00:00,20,J. Gillett,Aston Villa,Leicester,2,1,W,L,,,,,,,,,,,,,,,,,,,,,0.6,0.6,,,,1.0,,,,,,0.0,1.0,0.0,1.2,1.2,,,,1.0,,,,,,0.0,1.0,0.0,9,19,29,14
1208215,2024,2025-01-04 17:30:00+00:00,20,A. Taylor,Brighton,Arsenal,1,1,D,D,,,,,,,,,,,,,,,,,,,,,2.0,2.0,,,,1.0,,,,,,0.0,1.0,0.0,1.2,1.2,,,,1.0,,,,,,0.0,1.0,0.0,11,2,27,39
1208217,2024,2025-01-05 14:00:00+00:00,20,D. Bond,Fulham,Ipswich,2,2,D,D,,,,,,,,,,,,,,,,,,,,,1.0,1.0,,,,1.0,,,,,,0.0,1.0,0.0,1.4,1.4,,,,1.0,,,,,,0.0,1.0,0.0,9,18,29,15
1208218,2024,2025-01-05 16:30:00+00:00,20,M. Oliver,Liverpool,Manchester United,2,2,D,D,,,,,,,,,,,,,,,,,,,,,0.8,0.8,,,,1.0,,,,,,0.0,1.0,0.0,3.8,3.8,,,,1.0,,,,,,0.0,1.0,0.0,1,14,45,22
1208222,2024,2025-01-06 20:00:00+00:00,20,P. Bankes,Wolves,Nottingham Forest,0,3,L,W,,,,,,,,,,,,,,,,,,,,,2.0,2.0,,,,1.0,,,,,,0.0,1.0,0.0,1.8,1.8,,,,1.0,,,,,,0.0,1.0,0.0,17,3,16,37
1208224,2024,2025-01-14 19:30:00+00:00,21,A. Taylor,Brentford,Manchester City,2,2,D,D,,,,,,,,,,,,,,,,,,,,,1.4,1.4,,,,1.0,,,,,,0.0,1.0,0.0,1.8,1.8,,,,1.0,,,,,,0.0,1.0,0.0,11,6,27,34
1208230,2024,2025-01-14 19:30:00+00:00,21,R. Jones,Chelsea,Bournemouth,2,2,D,D,,,,,,,,,,,,,,,,,,,,,0.8,0.8,,,,1.0,,,,,,0.0,1.0,0.0,1.4,1.4,,,,1.0,,,,,,0.0,1.0,0.0,4,7,36,33
1208229,2024,2025-01-14 19:30:00+00:00,21,C. Pawson,West Ham,Fulham,3,2,W,L,,,,,,,,,,,,,,,,,,,,,0.8,0.8,,,,1.0,,,,,,0.0,1.0,0.0,1.6,1.6,,,,1.0,,,,,,0.0,1.0,0.0,14,9,23,30
1208228,2024,2025-01-14 20:00:00+00:00,21,C. Kavanagh,Nottingham Forest,Liverpool,1,1,D,D,,,,,,,,,,,,,,,,,,,,,2.0,2.0,,,,1.0,,,,,,0.0,1.0,0.0,3.6,3.6,,,,1.0,,,,,,0.0,1.0,0.0,3,1,40,46
1208231,2024,2025-01-15 19:30:00+00:00,21,D. England,Newcastle,Wolves,3,0,W,L,,,,,,,,,,,,,,,,,,,,,3.0,3.0,,,,1.0,,,,,,0.0,1.0,0.0,1.6,1.6,,,,1.0,,,,,,0.0,1.0,0.0,5,17,35,16
1208225,2024,2025-01-15 19:30:00+00:00,21,S. Barrott,Everton,Aston Villa,0,1,L,W,,,,,,,,,,,,,,,,,,,,,0.2,0.2,,,,1.0,,,,,,0.0,1.0,0.0,1.4,1.4,,,,1.0,,,,,,0.0,1.0,0.0,16,8,17,32
1208227,2024,2025-01-15 19:30:00+00:00,21,A. Madley,Leicester,Crystal Palace,0,2,L,W,,,,,,,,,,,,,,,,,,,,,0.4,0.4,,,,1.0,,,,,,0.0,1.0,0.0,1.4,1.4,,,,1.0,,,,,,0.0,1.0,0.0,19,15,14,21
1208223,2024,2025-01-15 20:00:00+00:00,21,S. Hooper,Arsenal,Tottenham,2,1,W,L,,,,,,,,,,,,,,,,,,,,,2.0,2.0,,,,1.0,,,,,,0.0,1.0,0.0,2.2,2.2,,,,1.0,,,,,,0.0,1.0,0.0,3,13,40,24
1208226,2024,2025-01-16 19:30:00+00:00,21,T. Harrington,Ipswich,Brighton,0,2,L,W,,,,,,,,,,,,,,,,,,,,,1.2,1.2,,,,1.0,,,,,,0.0,1.0,0.0,1.0,1.0,,,,1.0,,,,,,0.0,1.0,0.0,17,11,16,28
1208232,2024,2025-01-16 20:00:00+00:00,21,J. Brooks,Manchester United,Southampton,3,1,W,L,,,,,,,,,,,,,,,,,,,,,0.8,0.8,,,,1.0,,,,,,0.0,1.0,0.0,0.2,0.2,,,,1.0,,,,,,0.0,1.0,0.0,15,20,23,6
1208240,2024,2025-01-18 12:30:00+00:00,22,S. Attwell,Newcastle,Bournemouth,1,4,L,W,,,,,,,,,,,,,,,,,,,,,2.8,2.8,,,,1.0,,,,,,0.0,1.0,0.0,1.6,1.6,,,,1.0,,,,,,0.0,1.0,0.0,4,8,38,34
1208242,2024,2025-01-18 15:00:00+00:00,22,T. Bramall,West Ham,Crystal Palace,0,2,L,W,,,,,,,,,,,,,,,,,,,,,1.2,1.2,,,,1.0,,,,,,0.0,1.0,0.0,1.2,1.2,,,,1.0,,,,,,0.0,1.0,0.0,13,15,26,24
1208234,2024,2025-01-18 15:00:00+00:00,22,A. Madley,Brentford,Liverpool,0,2,L,W,,,,,,,,,,,,,,,,,,,,,1.6,1.6,,,,1.0,,,,,,0.0,1.0,0.0,3.4,3.4,,,,1.0,,,,,,0.0,1.0,0.0,11,1,28,47
1208238,2024,2025-01-18 15:00:00+00:00,22,M. Salisbury,Leicester,Fulham,0,2,L,W,,,,,,,,,,,,,,,,,,,,,0.4,0.4,,,,1.0,,,,,,0.0,1.0,0.0,1.6,1.6,,,,1.0,,,,,,0.0,1.0,0.0,19,10,14,30
1208233,2024,2025-01-18 17:30:00+00:00,22,C. Kavanagh,Arsenal,Aston Villa,2,2,D,D,,,,,,,,,,,,,,,,,,,,,2.4,2.4,,,,1.0,,,,,,0.0,1.0,0.0,1.4,1.4,,,,1.0,,,,,,0.0,1.0,0.0,2,8,43,35
1208239,2024,2025-01-19 14:00:00+00:00,22,P. Bankes,Manchester United,Brighton,1,3,L,W,,,,,,,,,,,,,,,,,,,,,1.0,1.0,,,,1.0,,,,,,0.0,1.0,0.0,1.2,1.2,,,,1.0,,,,,,0.0,1.0,0.0,13,10,26,31
1208236,2024,2025-01-19 14:00:00+00:00,22,D. England,Everton,Tottenham,3,2,W,L,,,,,,,,,,,,,,,,,,,,,0.2,0.2,,,,1.0,,,,,,0.0,1.0,0.0,1.4,1.4,,,,1.0,,,,,,0.0,1.0,0.0,16,15,17,24
1208241,2024,2025-01-19 14:00:00+00:00,22,A. Taylor,Nottingham Forest,Southampton,3,2,W,L,,,,,,,,,,,,,,,,,,,,,1.8,1.8,,,,1.0,,,,,,0.0,1.0,0.0,0.4,0.4,,,,1.0,,,,,,0.0,1.0,0.0,3,20,41,6
1208237,2024,2025-01-19 16:30:00+00:00,22,S. Barrott,Ipswich,Manchester City,0,6,L,W,,,,,,,,,,,,,,,,,,,,,0.8,0.8,,,,1.0,,,,,,0.0,1.0,0.0,2.0,2.0,,,,1.0,,,,,,0.0,1.0,0.0,18,8,16,35
1208235,2024,2025-01-20 20:00:00+00:00,22,S. Hooper,Chelsea,Wolves,3,1,W,L,,,,,,,,,,,,,,,,,,,,,0.8,0.8,,,,1.0,,,,,,0.0,1.0,0.0,1.4,1.4,,,,1.0,,,,,,0.0,1.0,0.0,6,17,37,16
1208245,2024,2025-01-25 15:00:00+00:00,23,T. Robinson,Brighton,Everton,0,1,L,W,,,,,,,,,,,,,,,,,,,,,0.8,0.8,,,,1.0,,,,,,0.0,1.0,0.0,1.6,1.6,,,,1.0,,,,,,0.0,1.0,0.0,9,16,34,20
1208248,2024,2025-01-25 15:00:00+00:00,23,M. Salisbury,Liverpool,Ipswich,4,1,W,L,,,,,,,,,,,,,,,,,,,,,0.8,0.8,,,,1.0,,,,,,0.0,1.0,0.0,2.6,2.6,,,,1.0,,,,,,0.0,1.0,0.0,1,18,50,16
1208250,2024,2025-01-25 15:00:00+00:00,23,S. Barrott,Southampton,Newcastle,1,3,L,W,,,,,,,,,,,,,,,,,,,,,2.2,2.2,,,,1.0,,,,,,0.0,1.0,0.0,0.8,0.8,,,,1.0,,,,,,0.0,1.0,0.0,20,6,6,38
1208243,2024,2025-01-25 15:00:00+00:00,23,C. Pawson,Bournemouth,Nottingham Forest,5,0,W,L,,,,,,,,,,,,,,,,,,,,,2.0,2.0,,,,1.0,,,,,,0.0,1.0,0.0,1.8,1.8,,,,1.0,,,,,,0.0,1.0,0.0,7,3,37,44
1208252,2024,2025-01-25 15:00:00+00:00,23,M. Oliver,Wolves,Arsenal,0,1,L,W,,,,,,,,,,,,,,,,,,,,,1.8,1.8,,,,1.0,,,,,,0.0,1.0,0.0,1.0,1.0,,,,1.0,,,,,,0.0,1.0,0.0,17,2,16,44
1208249,2024,2025-01-25 17:30:00+00:00,23,J. Brooks,Manchester City,Chelsea,3,1,W,L,,,,,,,,,,,,,,,,,,,,,1.4,1.4,,,,1.0,,,,,,0.0,1.0,0.0,3.0,3.0,,,,1.0,,,,,,0.0,1.0,0.0,7,5,38,40
1208251,2024,2025-01-26 14:00:00+00:00,23,R. Jones,Tottenham,Leicester,1,2,L,W,,,,,,,,,,,,,,,,,,,,,0.4,0.4,,,,1.0,,,,,,0.0,1.0,0.0,1.2,1.2,,,,1.0,,,,,,0.0,1.0,0.0,15,19,24,14
1208246,2024,2025-01-26 14:00:00+00:00,23,T. Harrington,Crystal Palace,Brentford,1,2,L,W,,,,,,,,,,,,,,,,,,,,,1.6,1.6,,,,1.0,,,,,,0.0,1.0,0.0,1.4,1.4,,,,1.0,,,,,,0.0,1.0,0.0,12,11,27,28
1208244,2024,2025-01-26 16:30:00+00:00,23,P. Bankes,Aston Villa,West Ham,1,1,D,D,,,,,,,,,,,,,,,,,,,,,1.0,1.0,,,,1.0,,,,,,0.0,1.0,0.0,1.4,1.4,,,,1.0,,,,,,0.0,1.0,0.0,8,14,36,26
1208247,2024,2025-01-26 19:00:00+00:00,23,A. Taylor,Fulham,Manchester United,0,1,L,W,,,,,,,,,,,,,,,,,,,,,1.2,1.2,,,,1.0,,,,,,0.0,1.0,0.0,2.0,2.0,,,,1.0,,,,,,0.0,1.0,0.0,10,14,33,26
1208261,2024,2025-02-01 12:30:00+00:00,24,S. Hooper,Nottingham Forest,Brighton,7,0,W,L,,,,,,,,,,,,,,,,,,,,,1.8,1.8,,,,1.0,,,,,,0.0,1.0,0.0,1.6,1.6,,,,1.0,,,,,,0.0,1.0,0.0,3,9,44,34
1208257,2024,2025-02-01 15:00:00+00:00,24,D. Bond,Everton,Leicester,4,0,W,L,,,,,,,,,,,,,,,,,,,,,0.8,0.8,,,,1.0,,,,,,0.0,1.0,0.0,0.6,0.6,,,,1.0,,,,,,0.0,1.0,0.0,16,17,23,17
1208260,2024,2025-02-01 15:00:00+00:00,24,C. Kavanagh,Newcastle,Fulham,1,2,L,W,,,,,,,,,,,,,,,,,,,,,2.2,2.2,,,,1.0,,,,,,0.0,1.0,0.0,1.6,1.6,,,,1.0,,,,,,0.0,1.0,0.0,5,10,41,33
1208253,2024,2025-02-01 15:00:00+00:00,24,D. England,Bournemouth,Liverpool,0,2,L,W,,,,,,,,,,,,,,,,,,,,,2.8,2.8,,,,1.0,,,,,,0.0,1.0,0.0,2.8,2.8,,,,1.0,,,,,,0.0,1.0,0.0,7,1,40,53
1208258,2024,2025-02-01 15:00:00+00:00,24,M. Oliver,Ipswich,Southampton,1,2,L,W,,,,,,,,,,,,,,,,,,,,,1.0,1.0,,,,1.0,,,,,,0.0,1.0,0.0,1.0,1.0,,,,1.0,,,,,,0.0,1.0,0.0,19,20,16,6
1208262,2024,2025-02-01 17:30:00+00:00,24,A. Madley,Wolves,Aston Villa,2,0,W,L,,,,,,,,,,,,,,,,,,,,,1.6,1.6,,,,1.0,,,,,,0.0,1.0,0.0,0.6,0.6,,,,1.0,,,,,,0.0,1.0,0.0,18,8,16,37
1208255,2024,2025-02-02 14:00:00+00:00,24,J. Gillett,Brentford,Tottenham,0,2,L,W,,,,,,,,,,,,,,,,,,,,,2.0,2.0,,,,1.0,,,,,,0.0,1.0,0.0,1.4,1.4,,,,1.0,,,,,,0.0,1.0,0.0,11,16,31,24
1208259,2024,2025-02-02 14:00:00+00:00,24,J. Brooks,Manchester United,Crystal Palace,0,2,L,W,,,,,,,,,,,,,,,,,,,,,1.4,1.4,,,,1.0,,,,,,0.0,1.0,0.0,1.6,1.6,,,,1.0,,,,,,0.0,1.0,0.0,12,13,29,27
1208254,2024,2025-02-02 16:30:00+00:00,24,P. Bankes,Arsenal,Manchester City,5,1,W,L,,,,,,,,,,,,,,,,,,,,,1.8,1.8,,,,1.0,,,,,,0.0,1.0,0.0,3.4,3.4,,,,1.0,,,,,,0.0,1.0,0.0,2,4,47,41
1208256,2024,2025-02-03 20:00:00+00:00,24,S. Attwell,Chelsea,West Ham,2,1,W,L,,,,,,,,,,,,,,,,,,,,,1.0,1.0,,,,1.0,,,,,,0.0,1.0,0.0,1.0,1.0,,,,1.0,,,,,,0.0,1.0,0.0,6,15,40,27
1208166,2024,2025-02-12 19:30:00+00:00,15,M. Oliver,Everton,Liverpool,2,2,D,D,,,,,,,,,,,,,,,,,,,,,1.6,1.6,,,,1.0,,,,,,0.0,1.0,0.0,2.2,2.2,,,,1.0,,,,,,0.0,1.0,0.0,16,1,26,56
1208264,2024,2025-02-14 20:00:00+00:00,25,C. Kavanagh,Brighton,Chelsea,3,0,W,L,,,,,,,,,,,,,,,,,,,,,1.8,1.8,,,,1.0,,,,,,0.0,1.0,0.0,1.2,1.2,,,,1.0,,,,,,0.0,1.0,0.0,10,4,34,43
1208267,2024,2025-02-15 12:30:00+00:00,25,S. Barrott,Leicester,Arsenal,0,2,L,W,,,,,,,,,,,,,,,,,,,,,2.2,2.2,,,,1.0,,,,,,0.0,1.0,0.0,0.6,0.6,,,,1.0,,,,,,0.0,1.0,0.0,18,2,17,50
1208266,2024,2025-02-15 15:00:00+00:00,25,T. Bramall,Fulham,Nottingham Forest,2,1,W,L,,,,,,,,,,,,,,,,,,,,,2.8,2.8,,,,1.0,,,,,,0.0,1.0,0.0,1.6,1.6,,,,1.0,,,,,,0.0,1.0,0.0,10,3,36,47
1208270,2024,2025-02-15 15:00:00+00:00,25,J. Gillett,Southampton,Bournemouth,1,3,L,W,,,,,,,,,,,,,,,,,,,,,1.2,1.2,,,,1.0,,,,,,0.0,1.0,0.0,1.2,1.2,,,,1.0,,,,,,0.0,1.0,0.0,20,7,9,40
1208272,2024,2025-02-15 15:00:00+00:00,25,D. England,West Ham,Brentford,0,1,L,W,,,,,,,,,,,,,,,,,,,,,1.2,1.2,,,,1.0,,,,,,0.0,1.0,0.0,1.2,1.2,,,,1.0,,,,,,0.0,1.0,0.0,16,11,27,31
1208269,2024,2025-02-15 15:00:00+00:00,25,A. Madley,Manchester City,Newcastle,4,0,W,L,,,,,,,,,,,,,,,,,,,,,2.0,2.0,,,,1.0,,,,,,0.0,1.0,0.0,3.2,3.2,,,,1.0,,,,,,0.0,1.0,0.0,6,7,41,41
1208263,2024,2025-02-15 15:00:00+00:00,25,R. Jones,Aston Villa,Ipswich,1,1,D,D,,,,,,,,,,,,,,,,,,,,,0.8,0.8,,,,1.0,,,,,,0.0,1.0,0.0,1.2,1.2,,,,1.0,,,,,,0.0,1.0,0.0,10,19,37,16
1208265,2024,2025-02-15 17:30:00+00:00,25,A. Taylor,Crystal Palace,Everton,1,2,L,W,,,,,,,,,,,,,,,,,,,,,2.0,2.0,,,,1.0,,,,,,0.0,1.0,0.0,1.6,1.6,,,,1.0,,,,,,0.0,1.0,0.0,12,15,30,27
1208268,2024,2025-02-16 14:00:00+00:00,25,S. Hooper,Liverpool,Wolves,2,1,W,L,,,,,,,,,,,,,,,,,,,,,0.6,0.6,,,,1.0,,,,,,0.0,1.0,0.0,2.2,2.2,,,,1.0,,,,,,0.0,1.0,0.0,1,17,57,19
1208271,2024,2025-02-16 16:30:00+00:00,25,P. Bankes,Tottenham,Manchester United,1,0,W,L,,,,,,,,,,,,,,,,,,,,,1.4,1.4,,,,1.0,,,,,,0.0,1.0,0.0,1.4,1.4,,,,1.0,,,,,,0.0,1.0,0.0,15,14,27,29
1208305,2024,2025-02-19 19:30:00+00:00,29,C. Pawson,Aston Villa,Liverpool,2,2,D,D,,,,,,,,,,,,,,,,,,,,,1.0,1.0,,,,1.0,,,,,,0.0,1.0,0.0,2.4,2.4,,,,1.0,,,,,,0.0,1.0,0.0,9,1,38,60
1208279,2024,2025-02-21 20:00:00+00:00,26,T. Harrington,Leicester,Brentford,0,4,L,W,,,,,,,,,,,,,,,,,,,,,1.0,1.0,,,,1.0,,,,,,0.0,1.0,0.0,0.4,0.4,,,,1.0,,,,,,0.0,1.0,0.0,19,11,17,34
1208276,2024,2025-02-22 12:30:00+00:00,26,A. Madley,Everton,Manchester United,2,2,D,D,,,,,,,,,,,,,,,,,,,,,1.0,1.0,,,,1.0,,,,,,0.0,1.0,0.0,1.0,1.0,,,,1.0,,,,,,0.0,1.0,0.0,14,15,30,29
1208273,2024,2025-02-22 15:00:00+00:00,26,M. Salisbury,Bournemouth,Wolves,0,1,L,W,,,,,,,,,,,,,,,,,,,,,2.8,2.8,,,,1.0,,,,,,0.0,1.0,0.0,0.8,0.8,,,,1.0,,,,,,0.0,1.0,0.0,5,17,43,19
1208277,2024,2025-02-22 15:00:00+00:00,26,R. Jones,Fulham,Crystal Palace,0,2,L,W,,,,,,,,,,,,,,,,,,,,,1.6,1.6,,,,1.0,,,,,,0.0,1.0,0.0,1.6,1.6,,,,1.0,,,,,,0.0,1.0,0.0,8,14,39,30
1208282,2024,2025-02-22 15:00:00+00:00,26,D. Bond,Southampton,Brighton,0,4,L,W,,,,,,,,,,,,,,,,,,,,,1.6,1.6,,,,1.0,,,,,,0.0,1.0,0.0,1.4,1.4,,,,1.0,,,,,,0.0,1.0,0.0,20,11,9,37
1208274,2024,2025-02-22 15:00:00+00:00,26,C. Pawson,Arsenal,West Ham,0,1,L,W,,,,,,,,,,,,,,,,,,,,,2.4,2.4,,,,1.0,,,,,,0.0,1.0,0.0,1.0,1.0,,,,1.0,,,,,,0.0,1.0,0.0,2,16,53,27
1208278,2024,2025-02-22 15:00:00+00:00,26,T. Robinson,Ipswich,Tottenham,1,4,L,W,,,,,,,,,,,,,,,,,,,,,0.6,0.6,,,,1.0,,,,,,0.0,1.0,0.0,1.4,1.4,,,,1.0,,,,,,0.0,1.0,0.0,18,14,17,30
1208275,2024,2025-02-22 17:30:00+00:00,26,M. Oliver,Aston Villa,Chelsea,2,1,W,L,,,,,,,,,,,,,,,,,,,,,1.6,1.6,,,,1.0,,,,,,0.0,1.0,0.0,1.2,1.2,,,,1.0,,,,,,0.0,1.0,0.0,10,6,39,43
1208281,2024,2025-02-23 14:00:00+00:00,26,J. Gillett,Newcastle,Nottingham Forest,4,3,W,L,,,,,,,,,,,,,,,,,,,,,1.6,1.6,,,,1.0,,,,,,0.0,1.0,0.0,2.4,2.4,,,,1.0,,,,,,0.0,1.0,0.0,8,3,41,47
1208280,2024,2025-02-23 16:30:00+00:00,26,A. Taylor,Manchester City,Liverpool,0,2,L,W,,,,,,,,,,,,,,,,,,,,,3.2,3.2,,,,1.0,,,,,,0.0,1.0,0.0,2.4,2.4,,,,1.0,,,,,,0.0,1.0,0.0,4,1,44,61
1208288,2024,2025-02-25 19:30:00+00:00,27,P. Bankes,Wolves,Fulham,1,2,L,W,,,,,,,,,,,,,,,,,,,,,1.2,1.2,,,,1.0,,,,,,0.0,1.0,0.0,1.2,1.2,,,,1.0,,,,,,0.0,1.0,0.0,17,10,22,39
1208284,2024,2025-02-25 19:30:00+00:00,27,M. Oliver,Brighton,Bournemouth,2,1,W,L,,,,,,,,,,,,,,,,,,,,,2.0,2.0,,,,1.0,,,,,,0.0,1.0,0.0,2.0,2.0,,,,1.0,,,,,,0.0,1.0,0.0,10,6,40,43
1208289,2024,2025-02-25 19:30:00+00:00,27,S. Barrott,Crystal Palace,Aston Villa,4,1,W,L,,,,,,,,,,,,,,,,,,,,,1.6,1.6,,,,1.0,,,,,,0.0,1.0,0.0,1.2,1.2,,,,1.0,,,,,,0.0,1.0,0.0,13,10,33,42
1208290,2024,2025-02-25 20:15:00+00:00,27,T. Bramall,Chelsea,Southampton,4,0,W,L,,,,,,,,,,,,,,,,,,,,,1.4,1.4,,,,1.0,,,,,,0.0,1.0,0.0,1.2,1.2,,,,1.0,,,,,,0.0,1.0,0.0,7,20,43,9
1208292,2024,2025-02-26 19:30:00+00:00,27,D. England,Manchester United,Ipswich,3,2,W,L,,,,,,,,,,,,,,,,,,,,,0.8,0.8,,,,1.0,,,,,,0.0,1.0,0.0,0.8,0.8,,,,1.0,,,,,,0.0,1.0,0.0,15,18,30,17
1208286,2024,2025-02-26 19:30:00+00:00,27,J. Gillett,Tottenham,Manchester City,0,1,L,W,,,,,,,,,,,,,,,,,,,,,2.8,2.8,,,,1.0,,,,,,0.0,1.0,0.0,2.8,2.8,,,,1.0,,,,,,0.0,1.0,0.0,13,5,33,44
1208283,2024,2025-02-26 19:30:00+00:00,27,S. Hooper,Brentford,Everton,1,1,D,D,,,,,,,,,,,,,,,,,,,,,2.2,2.2,,,,1.0,,,,,,0.0,1.0,0.0,2.2,2.2,,,,1.0,,,,,,0.0,1.0,0.0,11,15,37,31
1208285,2024,2025-02-26 19:30:00+00:00,27,A. Madley,Nottingham Forest,Arsenal,0,0,D,D,,,,,,,,,,,,,,,,,,,,,2.0,2.0,,,,1.0,,,,,,0.0,1.0,0.0,2.8,2.8,,,,1.0,,,,,,0.0,1.0,0.0,4,2,47,53
1208291,2024,2025-02-26 20:15:00+00:00,27,S. Attwell,Liverpool,Newcastle,2,0,W,L,,,,,,,,,,,,,,,,,,,,,1.8,1.8,,,,1.0,,,,,,0.0,1.0,0.0,2.0,2.0,,,,1.0,,,,,,0.0,1.0,0.0,1,6,64,44
1208287,2024,2025-02-27 20:00:00+00:00,27,A. Taylor,West Ham,Leicester,2,0,W,L,,,,,,,,,,,,,,,,,,,,,0.6,0.6,,,,1.0,,,,,,0.0,1.0,0.0,0.6,0.6,,,,1.0,,,,,,0.0,1.0,0.0,16,19,30,17
1208299,2024,2025-03-08 12:30:00+00:00,28,C. Kavanagh,Nottingham Forest,Manchester City,1,0,W,L,,,,,,,,,,,,,,,,,,,,,2.2,2.2,,,,1.0,,,,,,0.0,1.0,0.0,1.8,1.8,,,,1.0,,,,,,0.0,1.0,0.0,3,4,48,47
1208297,2024,2025-03-08 15:00:00+00:00,28,L. Smith,Liverpool,Southampton,3,1,W,L,,,,,,,,,,,,,,,,,,,,,0.8,0.8,,,,1.0,,,,,,0.0,1.0,0.0,2.0,2.0,,,,1.0,,,,,,0.0,1.0,0.0,1,20,67,9
1208294,2024,2025-03-08 15:00:00+00:00,28,S. Barrott,Brighton,Fulham,2,1,W,L,,,,,,,,,,,,,,,,,,,,,1.8,1.8,,,,1.0,,,,,,0.0,1.0,0.0,1.2,1.2,,,,1.0,,,,,,0.0,1.0,0.0,8,9,43,42
1208296,2024,2025-03-08 15:00:00+00:00,28,S. Hooper,Crystal Palace,Ipswich,1,0,W,L,,,,,,,,,,,,,,,,,,,,,1.2,1.2,,,,1.0,,,,,,0.0,1.0,0.0,2.0,2.0,,,,1.0,,,,,,0.0,1.0,0.0,12,18,36,17
1208293,2024,2025-03-08 17:30:00+00:00,28,J. Gillett,Brentford,Aston Villa,0,1,L,W,,,,,,,,,,,,,,,,,,,,,1.6,1.6,,,,1.0,,,,,,0.0,1.0,0.0,1.2,1.2,,,,1.0,,,,,,0.0,1.0,0.0,12,10,38,42
1208302,2024,2025-03-08 20:00:00+00:00,28,S. Attwell,Wolves,Everton,1,1,D,D,,,,,,,,,,,,,,,,,,,,,2.2,2.2,,,,1.0,,,,,,0.0,1.0,0.0,1.0,1.0,,,,1.0,,,,,,0.0,1.0,0.0,17,16,22,32
1208300,2024,2025-03-09 14:00:00+00:00,28,J. Brooks,Tottenham,Bournemouth,2,2,D,D,,,,,,,,,,,,,,,,,,,,,1.6,1.6,,,,1.0,,,,,,0.0,1.0,0.0,1.8,1.8,,,,1.0,,,,,,0.0,1.0,0.0,13,9,33,43
1208295,2024,2025-03-09 14:00:00+00:00,28,T. Robinson,Chelsea,Leicester,1,0,W,L,,,,,,,,,,,,,,,,,,,,,1.6,1.6,,,,1.0,,,,,,0.0,1.0,0.0,0.4,0.4,,,,1.0,,,,,,0.0,1.0,0.0,5,19,46,17
1208298,2024,2025-03-09 16:30:00+00:00,28,A. Taylor,Manchester United,Arsenal,1,1,D,D,,,,,,,,,,,,,,,,,,,,,1.2,1.2,,,,1.0,,,,,,0.0,1.0,0.0,1.2,1.2,,,,1.0,,,,,,0.0,1.0,0.0,15,2,33,54
1208301,2024,2025-03-10 20:00:00+00:00,28,M. Salisbury,West Ham,Newcastle,0,1,L,W,,,,,,,,,,,,,,,,,,,,,1.6,1.6,,,,1.0,,,,,,0.0,1.0,0.0,1.0,1.0,,,,1.0,,,,,,0.0,1.0,0.0,16,9,33,44
1208310,2024,2025-03-15 15:00:00+00:00,29,S. Hooper,Manchester City,Brighton,2,2,D,D,,,,,,,,,,,,,,,,,,,,,2.2,2.2,,,,1.0,,,,,,0.0,1.0,0.0,2.2,2.2,,,,1.0,,,,,,0.0,1.0,0.0,5,7,47,46
1208308,2024,2025-03-15 15:00:00+00:00,29,M. Salisbury,Ipswich,Nottingham Forest,2,4,L,W,,,,,,,,,,,,,,,,,,,,,1.0,1.0,,,,1.0,,,,,,0.0,1.0,0.0,1.0,1.0,,,,1.0,,,,,,0.0,1.0,0.0,18,3,17,51
1208312,2024,2025-03-15 15:00:00+00:00,29,R. Jones,Southampton,Wolves,1,2,L,W,,,,,,,,,,,,,,,,,,,,,0.8,0.8,,,,1.0,,,,,,0.0,1.0,0.0,0.8,0.8,,,,1.0,,,,,,0.0,1.0,0.0,20,17,9,23
1208306,2024,2025-03-15 15:00:00+00:00,29,D. Bond,Everton,West Ham,1,1,D,D,,,,,,,,,,,,,,,,,,,,,1.6,1.6,,,,1.0,,,,,,0.0,1.0,0.0,0.8,0.8,,,,1.0,,,,,,0.0,1.0,0.0,15,16,33,33
1208303,2024,2025-03-15 17:30:00+00:00,29,C. Pawson,Bournemouth,Brentford,1,2,L,W,,,,,,,,,,,,,,,,,,,,,1.2,1.2,,,,1.0,,,,,,0.0,1.0,0.0,1.2,1.2,,,,1.0,,,,,,0.0,1.0,0.0,9,12,44,38
1208307,2024,2025-03-16 13:30:00+00:00,29,A. Madley,Fulham,Tottenham,2,0,W,L,,,,,,,,,,,,,,,,,,,,,1.4,1.4,,,,1.0,,,,,,0.0,1.0,0.0,1.4,1.4,,,,1.0,,,,,,0.0,1.0,0.0,10,13,42,34
1208304,2024,2025-03-16 13:30:00+00:00,29,C. Kavanagh,Arsenal,Chelsea,1,0,W,L,,,,,,,,,,,,,,,,,,,,,1.6,1.6,,,,1.0,,,,,,0.0,1.0,0.0,1.6,1.6,,,,1.0,,,,,,0.0,1.0,0.0,2,4,55,49
1208309,2024,2025-03-16 19:00:00+00:00,29,T. Bramall,Leicester,Manchester United,0,3,L,W,,,,,,,,,,,,,,,,,,,,,1.2,1.2,,,,1.0,,,,,,0.0,1.0,0.0,1.2,1.2,,,,1.0,,,,,,0.0,1.0,0.0,19,15,17,34
1208317,2024,2025-04-01 18:45:00+00:00,30,T. Harrington,Wolves,West Ham,1,0,W,L,,,,,,,,,,,,,,,,,,,,,0.8,0.8,,,,1.0,,,,,,0.0,1.0,0.0,1.2,1.2,,,,1.0,,,,,,0.0,1.0,0.0,17,16,26,34
1208314,2024,2025-04-01 18:45:00+00:00,30,J. Brooks,Arsenal,Fulham,2,1,W,L,,,,,,,,,,,,,,,,,,,,,0.8,0.8,,,,1.0,,,,,,0.0,1.0,0.0,1.4,1.4,,,,1.0,,,,,,0.0,1.0,0.0,2,8,58,45
1208316,2024,2025-04-01 19:00:00+00:00,30,J. Gillett,Nottingham Forest,Manchester United,1,0,W,L,,,,,,,,,,,,,,,,,,,,,1.8,1.8,,,,1.0,,,,,,0.0,1.0,0.0,1.8,1.8,,,,1.0,,,,,,0.0,1.0,0.0,3,13,54,37
1208315,2024,2025-04-02 18:45:00+00:00,30,S. Attwell,Brighton,Aston Villa,0,3,L,W,,,,,,,,,,,,,,,,,,,,,2.6,2.6,,,,1.0,,,,,,0.0,1.0,0.0,2.6,2.6,,,,1.0,,,,,,0.0,1.0,0.0,7,9,47,45
1208319,2024,2025-04-02 18:45:00+00:00,30,D. England,Manchester City,Leicester,2,0,W,L,,,,,,,,,,,,,,,,,,,,,0.0,0.0,,,,1.0,,,,,,0.0,1.0,0.0,1.4,1.4,,,,1.0,,,,,,0.0,1.0,0.0,6,19,48,17
1208313,2024,2025-04-02 18:45:00+00:00,30,R. Jones,Bournemouth,Ipswich,1,2,L,W,,,,,,,,,,,,,,,,,,,,,1.2,1.2,,,,1.0,,,,,,0.0,1.0,0.0,1.4,1.4,,,,1.0,,,,,,0.0,1.0,0.0,10,18,44,17
1208320,2024,2025-04-02 18:45:00+00:00,30,P. Bankes,Newcastle,Brentford,2,1,W,L,,,,,,,,,,,,,,,,,,,,,1.2,1.2,,,,1.0,,,,,,0.0,1.0,0.0,1.2,1.2,,,,1.0,,,,,,0.0,1.0,0.0,6,11,47,41
1208321,2024,2025-04-02 18:45:00+00:00,30,A. Madley,Southampton,Crystal Palace,1,1,D,D,,,,,,,,,,,,,,,,,,,,,2.0,2.0,,,,1.0,,,,,,0.0,1.0,0.0,0.6,0.6,,,,1.0,,,,,,0.0,1.0,0.0,20,12,9,39
1208322,2024,2025-04-02 19:00:00+00:00,30,S. Barrott,Liverpool,Everton,1,0,W,L,,,,,,,,,,,,,,,,,,,,,1.4,1.4,,,,1.0,,,,,,0.0,1.0,0.0,2.2,2.2,,,,1.0,,,,,,0.0,1.0,0.0,1,15,70,34
1208318,2024,2025-04-03 19:00:00+00:00,30,C. Pawson,Chelsea,Tottenham,1,0,W,L,,,,,,,,,,,,,,,,,,,,,1.2,1.2,,,,1.0,,,,,,0.0,1.0,0.0,1.4,1.4,,,,1.0,,,,,,0.0,1.0,0.0,6,14,49,34
1208326,2024,2025-04-05 11:30:00+00:00,31,D. England,Everton,Arsenal,1,1,D,D,,,,,,,,,,,,,,,,,,,,,0.8,0.8,,,,1.0,,,,,,0.0,1.0,0.0,1.0,1.0,,,,1.0,,,,,,0.0,1.0,0.0,15,2,34,61
1208332,2024,2025-04-05 14:00:00+00:00,31,T. Robinson,West Ham,Bournemouth,2,2,D,D,,,,,,,,,,,,,,,,,,,,,0.8,0.8,,,,1.0,,,,,,0.0,1.0,0.0,1.0,1.0,,,,1.0,,,,,,0.0,1.0,0.0,16,10,34,44
1208325,2024,2025-04-05 14:00:00+00:00,31,A. Taylor,Crystal Palace,Brighton,2,1,W,L,,,,,,,,,,,,,,,,,,,,,2.0,2.0,,,,1.0,,,,,,0.0,1.0,0.0,2.0,2.0,,,,1.0,,,,,,0.0,1.0,0.0,12,8,40,47
1208328,2024,2025-04-05 14:00:00+00:00,31,P. Bankes,Ipswich,Wolves,1,2,L,W,,,,,,,,,,,,,,,,,,,,,1.4,1.4,,,,1.0,,,,,,0.0,1.0,0.0,1.2,1.2,,,,1.0,,,,,,0.0,1.0,0.0,18,17,20,29
1208323,2024,2025-04-05 16:30:00+00:00,31,S. Hooper,Aston Villa,Nottingham Forest,2,1,W,L,,,,,,,,,,,,,,,,,,,,,1.8,1.8,,,,1.0,,,,,,0.0,1.0,0.0,1.8,1.8,,,,1.0,,,,,,0.0,1.0,0.0,7,3,48,57
1208331,2024,2025-04-06 13:00:00+00:00,31,M. Salisbury,Tottenham,Southampton,3,1,W,L,,,,,,,,,,,,,,,,,,,,,0.6,0.6,,,,1.0,,,,,,0.0,1.0,0.0,0.6,0.6,,,,1.0,,,,,,0.0,1.0,0.0,16,20,34,10
1208324,2024,2025-04-06 13:00:00+00:00,31,M. Oliver,Brentford,Chelsea,0,0,D,D,,,,,,,,,,,,,,,,,,,,,1.6,1.6,,,,1.0,,,,,,0.0,1.0,0.0,1.4,1.4,,,,1.0,,,,,,0.0,1.0,0.0,12,4,41,52
1208327,2024,2025-04-06 13:00:00+00:00,31,C. Kavanagh,Fulham,Liverpool,3,2,W,L,,,,,,,,,,,,,,,,,,,,,1.2,1.2,,,,1.0,,,,,,0.0,1.0,0.0,1.2,1.2,,,,1.0,,,,,,0.0,1.0,0.0,10,1,45,73
1208330,2024,2025-04-06 15:30:00+00:00,31,J. Brooks,Manchester United,Manchester City,0,0,D,D,,,,,,,,,,,,,,,,,,,,,1.8,1.8,,,,1.0,,,,,,0.0,1.0,0.0,1.0,1.0,,,,1.0,,,,,,0.0,1.0,0.0,14,5,37,51
1208329,2024,2025-04-07 19:00:00+00:00,31,R. Jones,Leicester,Newcastle,0,3,L,W,,,,,,,,,,,,,,,,,,,,,1.4,1.4,,,,1.0,,,,,,0.0,1.0,0.0,0.0,0.0,,,,1.0,,,,,,0.0,1.0,0.0,19,7,17,50
1208338,2024,2025-04-12 11:30:00+00:00,32,J. Gillett,Manchester City,Crystal Palace,5,2,W,L,,,,,,,,,,,,,,,,,,,,,2.0,2.0,,,,1.0,,,,,,0.0,1.0,0.0,2.0,2.0,,,,1.0,,,,,,0.0,1.0,0.0,6,11,52,43
1208341,2024,2025-04-12 14:00:00+00:00,32,T. Bramall,Southampton,Aston Villa,0,3,L,W,,,,,,,,,,,,,,,,,,,,,0.8,0.8,,,,1.0,,,,,,0.0,1.0,0.0,0.8,0.8,,,,1.0,,,,,,0.0,1.0,0.0,20,7,10,51
1208335,2024,2025-04-12 14:00:00+00:00,32,D. Bond,Brighton,Leicester,2,2,D,D,,,,,,,,,,,,,,,,,,,,,0.0,0.0,,,,1.0,,,,,,0.0,1.0,0.0,1.4,1.4,,,,1.0,,,,,,0.0,1.0,0.0,9,19,47,17
1208340,2024,2025-04-12 14:00:00+00:00,32,C. Pawson,Nottingham Forest,Everton,0,1,L,W,,,,,,,,,,,,,,,,,,,,,0.8,0.8,,,,1.0,,,,,,0.0,1.0,0.0,1.4,1.4,,,,1.0,,,,,,0.0,1.0,0.0,3,15,57,35
1208334,2024,2025-04-12 16:30:00+00:00,32,S. Hooper,Arsenal,Brentford,1,1,D,D,,,,,,,,,,,,,,,,,,,,,1.0,1.0,,,,1.0,,,,,,0.0,1.0,0.0,1.0,1.0,,,,1.0,,,,,,0.0,1.0,0.0,2,12,62,42
1208342,2024,2025-04-13 13:00:00+00:00,32,A. Taylor,Wolves,Tottenham,4,2,W,L,,,,,,,,,,,,,,,,,,,,,1.0,1.0,,,,1.0,,,,,,0.0,1.0,0.0,1.4,1.4,,,,1.0,,,,,,0.0,1.0,0.0,17,15,32,37
1208337,2024,2025-04-13 13:00:00+00:00,32,A. Madley,Liverpool,West Ham,2,1,W,L,,,,,,,,,,,,,,,,,,,,,1.0,1.0,,,,1.0,,,,,,0.0,1.0,0.0,2.0,2.0,,,,1.0,,,,,,0.0,1.0,0.0,1,17,73,35
1208336,2024,2025-04-13 13:00:00+00:00,32,S. Attwell,Chelsea,Ipswich,2,2,D,D,,,,,,,,,,,,,,,,,,,,,1.4,1.4,,,,1.0,,,,,,0.0,1.0,0.0,1.4,1.4,,,,1.0,,,,,,0.0,1.0,0.0,6,18,53,20
1208339,2024,2025-04-13 15:30:00+00:00,32,C. Kavanagh,Newcastle,Manchester United,4,1,W,L,,,,,,,,,,,,,,,,,,,,,1.4,1.4,,,,1.0,,,,,,0.0,1.0,0.0,1.4,1.4,,,,1.0,,,,,,0.0,1.0,0.0,7,13,53,38
1208333,2024,2025-04-14 19:00:00+00:00,32,M. Oliver,Bournemouth,Fulham,1,0,W,L,,,,,,,,,,,,,,,,,,,,,1.8,1.8,,,,1.0,,,,,,0.0,1.0,0.0,1.8,1.8,,,,1.0,,,,,,0.0,1.0,0.0,10,8,45,48
1208311,2024,2025-04-16 18:30:00+00:00,29,D. England,Newcastle,Crystal Palace,5,0,W,L,,,,,,,,,,,,,,,,,,,,,2.0,2.0,,,,1.0,,,,,,0.0,1.0,0.0,2.0,2.0,,,,1.0,,,,,,0.0,1.0,0.0,4,12,56,43
1208346,2024,2025-04-19 14:00:00+00:00,33,S. Hooper,Everton,Manchester City,0,2,L,W,,,,,,,,,,,,,,,,,,,,,0.8,0.8,,,,1.0,,,,,,0.0,1.0,0.0,1.8,1.8,,,,1.0,,,,,,0.0,1.0,0.0,13,5,38,55
1208352,2024,2025-04-19 14:00:00+00:00,33,A. Kitchen,West Ham,Southampton,1,1,D,D,,,,,,,,,,,,,,,,,,,,,0.8,0.8,,,,1.0,,,,,,0.0,1.0,0.0,0.8,0.8,,,,1.0,,,,,,0.0,1.0,0.0,17,20,35,10
1208345,2024,2025-04-19 14:00:00+00:00,33,S. Barrott,Crystal Palace,Bournemouth,0,0,D,D,,,,,,,,,,,,,,,,,,,,,1.2,1.2,,,,1.0,,,,,,0.0,1.0,0.0,1.4,1.4,,,,1.0,,,,,,0.0,1.0,0.0,12,8,43,48
1208344,2024,2025-04-19 14:00:00+00:00,33,T. Robinson,Brentford,Brighton,4,2,W,L,,,,,,,,,,,,,,,,,,,,,0.8,0.8,,,,1.0,,,,,,0.0,1.0,0.0,1.4,1.4,,,,1.0,,,,,,0.0,1.0,0.0,12,10,43,48
1208343,2024,2025-04-19 16:30:00+00:00,33,J. Gillett,Aston Villa,Newcastle,4,1,W,L,,,,,,,,,,,,,,,,,,,,,3.0,3.0,,,,1.0,,,,,,0.0,1.0,0.0,2.0,2.0,,,,1.0,,,,,,0.0,1.0,0.0,7,3,54,59
1208350,2024,2025-04-20 13:00:00+00:00,33,R. Jones,Manchester United,Wolves,0,1,L,W,,,,,,,,,,,,,,,,,,,,,1.0,1.0,,,,1.0,,,,,,0.0,1.0,0.0,2.0,2.0,,,,1.0,,,,,,0.0,1.0,0.0,14,17,38,35
1208347,2024,2025-04-20 13:00:00+00:00,33,A. Taylor,Fulham,Chelsea,1,2,L,W,,,,,,,,,,,,,,,,,,,,,0.8,0.8,,,,1.0,,,,,,0.0,1.0,0.0,1.4,1.4,,,,1.0,,,,,,0.0,1.0,0.0,9,7,48,54
1208348,2024,2025-04-20 13:00:00+00:00,33,C. Kavanagh,Ipswich,Arsenal,0,4,L,W,,,,,,,,,,,,,,,,,,,,,1.4,1.4,,,,1.0,,,,,,0.0,1.0,0.0,1.4,1.4,,,,1.0,,,,,,0.0,1.0,0.0,18,2,21,63
1208349,2024,2025-04-20 15:30:00+00:00,33,S. Attwell,Leicester,Liverpool,0,1,L,W,,,,,,,,,,,,,,,,,,,,,0.4,0.4,,,,1.0,,,,,,0.0,1.0,0.0,2.0,2.0,,,,1.0,,,,,,0.0,1.0,0.0,19,1,18,76
1208351,2024,2025-04-21 19:00:00+00:00,33,P. Bankes,Tottenham,Nottingham Forest,1,2,L,W,,,,,,,,,,,,,,,,,,,,,1.4,1.4,,,,1.0,,,,,,0.0,1.0,0.0,1.4,1.4,,,,1.0,,,,,,0.0,1.0,0.0,16,6,37,57
1208358,2024,2025-04-22 19:00:00+00:00,34,C. Pawson,Manchester City,Aston Villa,2,1,W,L,,,,,,,,,,,,,,,,,,,,,2.2,2.2,,,,1.0,,,,,,0.0,1.0,0.0,2.6,2.6,,,,1.0,,,,,,0.0,1.0,0.0,5,7,58,57
1208354,2024,2025-04-23 19:00:00+00:00,34,M. Salisbury,Arsenal,Crystal Palace,2,2,D,D,,,,,,,,,,,,,,,,,,,,,1.8,1.8,,,,1.0,,,,,,0.0,1.0,0.0,1.0,1.0,,,,1.0,,,,,,0.0,1.0,0.0,2,12,66,44
1208356,2024,2025-04-26 11:30:00+00:00,34,C. Kavanagh,Chelsea,Everton,1,0,W,L,,,,,,,,,,,,,,,,,,,,,0.6,0.6,,,,1.0,,,,,,0.0,1.0,0.0,0.6,0.6,,,,1.0,,,,,,0.0,1.0,0.0,6,13,57,38
1208359,2024,2025-04-26 14:00:00+00:00,34,M. Salisbury,Newcastle,Ipswich,3,0,W,L,,,,,,,,,,,,,,,,,,,,,1.4,1.4,,,,1.0,,,,,,0.0,1.0,0.0,1.4,1.4,,,,1.0,,,,,,0.0,1.0,0.0,6,18,59,21
1208362,2024,2025-04-26 14:00:00+00:00,34,S. Barrott,Wolves,Leicester,3,0,W,L,,,,,,,,,,,,,,,,,,,,,0.4,0.4,,,,1.0,,,,,,0.0,1.0,0.0,2.0,2.0,,,,1.0,,,,,,0.0,1.0,0.0,15,19,38,18
1208361,2024,2025-04-26 14:00:00+00:00,34,T. Harrington,Southampton,Fulham,1,2,L,W,,,,,,,,,,,,,,,,,,,,,1.4,1.4,,,,1.0,,,,,,0.0,1.0,0.0,1.4,1.4,,,,1.0,,,,,,0.0,1.0,0.0,20,9,11,48
1208355,2024,2025-04-26 14:00:00+00:00,34,D. England,Brighton,West Ham,3,2,W,L,,,,,,,,,,,,,,,,,,,,,1.0,1.0,,,,1.0,,,,,,0.0,1.0,0.0,1.4,1.4,,,,1.0,,,,,,0.0,1.0,0.0,10,17,48,36
1208353,2024,2025-04-27 13:00:00+00:00,34,P. Bankes,Bournemouth,Manchester United,1,1,D,D,,,,,,,,,,,,,,,,,,,,,0.8,0.8,,,,1.0,,,,,,0.0,1.0,0.0,1.0,1.0,,,,1.0,,,,,,0.0,1.0,0.0,10,15,49,38
1208357,2024,2025-04-27 15:30:00+00:00,34,T. Bramall,Liverpool,Tottenham,5,1,W,L,,,,,,,,,,,,,,,,,,,,,1.2,1.2,,,,1.0,,,,,,0.0,1.0,0.0,1.8,1.8,,,,1.0,,,,,,0.0,1.0,0.0,1,16,79,37
1208360,2024,2025-05-01 18:30:00+00:00,34,D. England,Nottingham Forest,Brentford,0,2,L,W,,,,,,,,,,,,,,,,,,,,,1.6,1.6,,,,1.0,,,,,,0.0,1.0,0.0,1.6,1.6,,,,1.0,,,,,,0.0,1.0,0.0,6,11,60,46
1208371,2024,2025-05-02 19:00:00+00:00,35,P. Bankes,Manchester City,Wolves,1,0,W,L,,,,,,,,,,,,,,,,,,,,,2.2,2.2,,,,1.0,,,,,,0.0,1.0,0.0,2.2,2.2,,,,1.0,,,,,,0.0,1.0,0.0,4,13,61,41
1208364,2024,2025-05-03 11:30:00+00:00,35,R. Jones,Aston Villa,Fulham,1,0,W,L,,,,,,,,,,,,,,,,,,,,,1.4,1.4,,,,1.0,,,,,,0.0,1.0,0.0,1.4,1.4,,,,1.0,,,,,,0.0,1.0,0.0,7,8,57,51
1208370,2024,2025-05-03 14:00:00+00:00,35,D. Webb,Leicester,Southampton,2,0,W,L,,,,,,,,,,,,,,,,,,,,,0.4,0.4,,,,1.0,,,,,,0.0,1.0,0.0,0.8,0.8,,,,1.0,,,,,,0.0,1.0,0.0,19,20,18,11
1208369,2024,2025-05-03 14:00:00+00:00,35,L. Smith,Everton,Ipswich,2,2,D,D,,,,,,,,,,,,,,,,,,,,,1.0,1.0,,,,1.0,,,,,,0.0,1.0,0.0,1.0,1.0,,,,1.0,,,,,,0.0,1.0,0.0,15,18,38,21
1208363,2024,2025-05-03 16:30:00+00:00,35,J. Gillett,Arsenal,Bournemouth,1,2,L,W,,,,,,,,,,,,,,,,,,,,,2.0,2.0,,,,1.0,,,,,,0.0,1.0,0.0,1.0,1.0,,,,1.0,,,,,,0.0,1.0,0.0,2,10,67,50
1208372,2024,2025-05-04 13:00:00+00:00,35,M. Oliver,West Ham,Tottenham,1,1,D,D,,,,,,,,,,,,,,,,,,,,,1.2,1.2,,,,1.0,,,,,,0.0,1.0,0.0,1.4,1.4,,,,1.0,,,,,,0.0,1.0,0.0,17,16,36,37
1208366,2024,2025-05-04 13:00:00+00:00,35,C. Pawson,Brighton,Newcastle,1,1,D,D,,,,,,,,,,,,,,,,,,,,,3.2,3.2,,,,1.0,,,,,,0.0,1.0,0.0,1.6,1.6,,,,1.0,,,,,,0.0,1.0,0.0,10,4,51,62
1208365,2024,2025-05-04 13:00:00+00:00,35,A. Taylor,Brentford,Manchester United,4,3,W,L,,,,,,,,,,,,,,,,,,,,,0.4,0.4,,,,1.0,,,,,,0.0,1.0,0.0,0.4,0.4,,,,1.0,,,,,,0.0,1.0,0.0,11,15,49,39
1208367,2024,2025-05-04 15:30:00+00:00,35,S. Hooper,Chelsea,Liverpool,3,1,W,L,,,,,,,,,,,,,,,,,,,,,1.2,1.2,,,,1.0,,,,,,0.0,1.0,0.0,2.2,2.2,,,,1.0,,,,,,0.0,1.0,0.0,5,1,60,82
1208368,2024,2025-05-05 19:00:00+00:00,35,A. Madley,Crystal Palace,Nottingham Forest,1,1,D,D,,,,,,,,,,,,,,,,,,,,,0.8,0.8,,,,1.0,,,,,,0.0,1.0,0.0,1.2,1.2,,,,1.0,,,,,,0.0,1.0,0.0,12,6,45,60
1208375,2024,2025-05-10 14:00:00+00:00,36,S. Barrott,Ipswich,Brentford,0,1,L,W,,,,,,,,,,,,,,,,,,,,,1.0,1.0,,,,1.0,,,,,,0.0,1.0,0.0,1.0,1.0,,,,1.0,,,,,,0.0,1.0,0.0,18,9,22,52
1208374,2024,2025-05-10 14:00:00+00:00,36,D. England,Fulham,Everton,1,3,L,W,,,,,,,,,,,,,,,,,,,,,0.8,0.8,,,,1.0,,,,,,0.0,1.0,0.0,1.2,1.2,,,,1.0,,,,,,0.0,1.0,0.0,11,14,51,39
1208382,2024,2025-05-10 14:00:00+00:00,36,M. Oliver,Wolves,Brighton,0,2,L,W,,,,,,,,,,,,,,,,,,,,,1.8,1.8,,,,1.0,,,,,,0.0,1.0,0.0,2.0,2.0,,,,1.0,,,,,,0.0,1.0,0.0,14,10,41,52
1208380,2024,2025-05-10 14:00:00+00:00,36,T. Robinson,Southampton,Manchester City,0,0,D,D,,,,,,,,,,,,,,,,,,,,,2.0,2.0,,,,1.0,,,,,,0.0,1.0,0.0,0.6,0.6,,,,1.0,,,,,,0.0,1.0,0.0,20,3,11,64
1208373,2024,2025-05-10 16:30:00+00:00,36,S. Attwell,Bournemouth,Aston Villa,0,1,L,W,,,,,,,,,,,,,,,,,,,,,2.2,2.2,,,,1.0,,,,,,0.0,1.0,0.0,1.2,1.2,,,,1.0,,,,,,0.0,1.0,0.0,10,7,53,60
1208378,2024,2025-05-11 11:00:00+00:00,36,J. Brooks,Newcastle,Chelsea,2,0,W,L,,,,,,,,,,,,,,,,,,,,,2.8,2.8,,,,1.0,,,,,,0.0,1.0,0.0,2.8,2.8,,,,1.0,,,,,,0.0,1.0,0.0,4,5,63,63
1208377,2024,2025-05-11 13:15:00+00:00,36,J. Gillett,Manchester United,West Ham,0,2,L,W,,,,,,,,,,,,,,,,,,,,,1.0,1.0,,,,1.0,,,,,,0.0,1.0,0.0,1.0,1.0,,,,1.0,,,,,,0.0,1.0,0.0,15,17,39,37
1208381,2024,2025-05-11 13:15:00+00:00,36,C. Kavanagh,Tottenham,Crystal Palace,0,2,L,W,,,,,,,,,,,,,,,,,,,,,1.0,1.0,,,,1.0,,,,,,0.0,1.0,0.0,1.0,1.0,,,,1.0,,,,,,0.0,1.0,0.0,17,12,38,46
1208379,2024,2025-05-11 13:15:00+00:00,36,T. Harrington,Nottingham Forest,Leicester,2,2,D,D,,,,,,,,,,,,,,,,,,,,,0.8,0.8,,,,1.0,,,,,,0.0,1.0,0.0,0.8,0.8,,,,1.0,,,,,,0.0,1.0,0.0,7,19,61,21
1208376,2024,2025-05-11 15:30:00+00:00,36,A. Taylor,Liverpool,Arsenal,2,2,D,D,,,,,,,,,,,,,,,,,,,,,1.8,1.8,,,,1.0,,,,,,0.0,1.0,0.0,2.2,2.2,,,,1.0,,,,,,0.0,1.0,0.0,1,2,82,67
1208384,2024,2025-05-16 18:30:00+00:00,37,P. Bankes,Aston Villa,Tottenham,2,0,W,L,,,,,,,,,,,,,,,,,,,,,1.0,1.0,,,,1.0,,,,,,0.0,1.0,0.0,2.0,2.0,,,,1.0,,,,,,0.0,1.0,0.0,6,17,63,38
1208387,2024,2025-05-16 19:15:00+00:00,37,C. Kavanagh,Chelsea,Manchester United,1,0,W,L,,,,,,,,,,,,,,,,,,,,,1.0,1.0,,,,1.0,,,,,,0.0,1.0,0.0,1.0,1.0,,,,1.0,,,,,,0.0,1.0,0.0,6,16,63,39
1208389,2024,2025-05-18 11:00:00+00:00,37,M. Oliver,Everton,Southampton,2,0,W,L,,,,,,,,,,,,,,,,,,,,,1.2,1.2,,,,1.0,,,,,,0.0,1.0,0.0,0.4,0.4,,,,1.0,,,,,,0.0,1.0,0.0,13,20,42,12
1208392,2024,2025-05-18 13:15:00+00:00,37,S. Barrott,West Ham,Nottingham Forest,1,2,L,W,,,,,,,,,,,,,,,,,,,,,1.0,1.0,,,,1.0,,,,,,0.0,1.0,0.0,1.4,1.4,,,,1.0,,,,,,0.0,1.0,0.0,15,7,40,62
1208390,2024,2025-05-18 14:00:00+00:00,37,A. Kitchen,Leicester,Ipswich,2,0,W,L,,,,,,,,,,,,,,,,,,,,,0.8,0.8,,,,1.0,,,,,,0.0,1.0,0.0,0.8,0.8,,,,1.0,,,,,,0.0,1.0,0.0,19,18,22,22
1208385,2024,2025-05-18 14:00:00+00:00,37,J. Gillett,Brentford,Fulham,2,3,L,W,,,,,,,,,,,,,,,,,,,,,2.4,2.4,,,,1.0,,,,,,0.0,1.0,0.0,0.8,0.8,,,,1.0,,,,,,0.0,1.0,0.0,8,11,55,51
1208383,2024,2025-05-18 15:30:00+00:00,37,S. Hooper,Arsenal,Newcastle,1,0,W,L,,,,,,,,,,,,,,,,,,,,,2.4,2.4,,,,1.0,,,,,,0.0,1.0,0.0,2.0,2.0,,,,1.0,,,,,,0.0,1.0,0.0,2,3,68,66
1208386,2024,2025-05-19 19:00:00+00:00,37,A. Madley,Brighton,Liverpool,3,2,W,L,,,,,,,,,,,,,,,,,,,,,2.0,2.0,,,,1.0,,,,,,0.0,1.0,0.0,2.2,2.2,,,,1.0,,,,,,0.0,1.0,0.0,9,1,55,83
1208391,2024,2025-05-20 19:00:00+00:00,37,T. Bramall,Manchester City,Bournemouth,3,1,W,L,,,,,,,,,,,,,,,,,,,,,2.0,2.0,,,,1.0,,,,,,0.0,1.0,0.0,0.8,0.8,,,,1.0,,,,,,0.0,1.0,0.0,6,11,65,53
1208388,2024,2025-05-20 19:00:00+00:00,37,D. Webb,Crystal Palace,Wolves,4,2,W,L,,,,,,,,,,,,,,,,,,,,,1.0,1.0,,,,1.0,,,,,,0.0,1.0,0.0,1.6,1.6,,,,1.0,,,,,,0.0,1.0,0.0,12,14,49,41
1208397,2024,2025-05-25 15:00:00+00:00,38,T. Bramall,Manchester United,Aston Villa,2,0,W,L,,,,,,,,,,,,,,,,,,,,,0.8,0.8,,,,1.0,,,,,,0.0,1.0,0.0,1.8,1.8,,,,1.0,,,,,,0.0,1.0,0.0,16,6,39,66
1208398,2024,2025-05-25 15:00:00+00:00,38,T. Harrington,Newcastle,Everton,0,1,L,W,,,,,,,,,,,,,,,,,,,,,1.4,1.4,,,,1.0,,,,,,0.0,1.0,0.0,1.4,1.4,,,,1.0,,,,,,0.0,1.0,0.0,4,13,66,45
1208393,2024,2025-05-25 15:00:00+00:00,38,L. Smith,Bournemouth,Leicester,2,0,W,L,,,,,,,,,,,,,,,,,,,,,1.2,1.2,,,,1.0,,,,,,0.0,1.0,0.0,0.8,0.8,,,,1.0,,,,,,0.0,1.0,0.0,11,18,53,25
1208394,2024,2025-05-25 15:00:00+00:00,38,A. Madley,Fulham,Manchester City,0,2,L,W,,,,,,,,,,,,,,,,,,,,,1.6,1.6,,,,1.0,,,,,,0.0,1.0,0.0,1.4,1.4,,,,1.0,,,,,,0.0,1.0,0.0,11,3,54,68
1208402,2024,2025-05-25 15:00:00+00:00,38,C. Pawson,Wolves,Brentford,1,1,D,D,,,,,,,,,,,,,,,,,,,,,2.6,2.6,,,,1.0,,,,,,0.0,1.0,0.0,1.2,1.2,,,,1.0,,,,,,0.0,1.0,0.0,15,10,41,55
1208396,2024,2025-05-25 15:00:00+00:00,38,D. England,Liverpool,Crystal Palace,1,1,D,D,,,,,,,,,,,,,,,,,,,,,1.8,1.8,,,,1.0,,,,,,0.0,1.0,0.0,2.2,2.2,,,,1.0,,,,,,0.0,1.0,0.0,1,12,83,52
1208400,2024,2025-05-25 15:00:00+00:00,38,D. Bond,Southampton,Arsenal,1,2,L,W,,,,,,,,,,,,,,,,,,,,,2.0,2.0,,,,1.0,,,,,,0.0,1.0,0.0,0.4,0.4,,,,1.0,,,,,,0.0,1.0,0.0,20,2,12,71
1208401,2024,2025-05-25 15:00:00+00:00,38,R. Jones,Tottenham,Brighton,1,4,L,W,,,,,,,,,,,,,,,,,,,,,2.2,2.2,,,,1.0,,,,,,0.0,1.0,0.0,2.2,2.2,,,,1.0,,,,,,0.0,1.0,0.0,17,8,38,58
1208395,2024,2025-05-25 15:00:00+00:00,38,T. Robinson,Ipswich,West Ham,1,3,L,W,,,,,,,,,,,,,,,,,,,,,0.4,0.4,,,,1.0,,,,,,0.0,1.0,0.0,1.4,1.4,,,,1.0,,,,,,0.0,1.0,0.0,19,16,22,40
1208399,2024,2025-05-25 15:00:00+00:00,38,A. Taylor,Nottingham Forest,Chelsea,0,1,L,W,,,,,,,,,,,,,,,,,,,,,1.4,1.4,,,,1.0,,,,,,0.0,1.0,0.0,1.4,1.4,,,,1.0,,,,,,0.0,1.0,0.0,7,5,65,66
