fixture_id,home_XGoals,away_XGoals,home_corners,away_corners,home_yellow_cards,away_yellow_cards,home_shots,away_shots,home_shots_on_goal,away_shots_on_goal,home_gk_saves,away_gk_saves,home_possession,away_possession,home_pass_accuracy,away_pass_accuracy,home_offsides,away_offsides,home_fouls,away_fouls
1208021,2.43,0.44,7,8,2,3,14,10,5,2,2,4,55%,45%,85%,80%,3,1,12,10
1208022,0.45,2.65,2,10,3,1,7,18,2,5,3,2,38%,62%,78%,86%,5,0,9,18
1208025,0.25,1.77,3,12,2,4,3,19,1,4,3,0,22%,78%,65%,89%,1,2,15,16
1208023,1.24,0.47,8,2,2,2,18,9,6,3,3,4,53%,47%,85%,82%,0,1,17,14
1208024,0.45,1.43,1,5,1,1,9,10,1,5,2,1,38%,62%,77%,86%,7,1,8,8
1208026,1.3,1.22,2,6,1,3,14,13,8,4,3,7,53%,47%,80%,78%,1,4,17,8
1208027,2.46,2.03,5,3,1,2,14,15,3,3,1,3,52%,48%,84%,84%,1,1,18,11
1208028,1.59,1.17,4,7,1,5,9,14,5,6,6,3,46%,54%,77%,81%,1,3,6,15
1208029,1.01,0.77,4,3,1,1,10,11,3,5,3,3,48%,52%,89%,89%,2,1,12,9
1208030,1.05,1.18,2,13,1,1,7,15,3,7,5,2,30%,70%,77%,90%,2,1,11,12
1208033,2.09,1.43,4,4,1,2,14,11,5,4,2,2,48%,52%,85%,87%,0,6,9,13
1208035,1.78,0.61,7,5,2,2,18,10,6,4,3,4,54%,46%,85%,84%,0,5,14,13
1208038,0.14,2.45,4,10,3,3,5,23,1,8,7,1,65%,35%,91%,84%,0,1,14,14
1208039,2.43,1.0,12,5,0,0,13,10,7,1,1,3,71%,29%,89%,75%,0,4,11,15
1208037,3.34,0.29,10,1,2,3,14,1,5,1,0,1,75%,25%,93%,82%,3,1,4,15
1208034,1.35,1.39,3,3,1,1,14,18,2,3,1,2,58%,42%,82%,77%,3,2,9,17
1208032,1.28,0.87,4,1,1,3,11,9,3,4,2,3,39%,61%,82%,91%,3,1,8,16
1208031,2.26,1.69,8,9,2,2,16,14,4,5,4,3,39%,61%,76%,79%,0,0,20,8
1208040,1.96,1.68,5,5,2,3,12,14,4,8,2,2,40%,60%,79%,86%,3,1,13,13
1208036,2.65,0.36,9,4,2,3,19,8,8,2,2,6,63%,37%,92%,82%,1,2,10,7
1208041,2.08,1.83,3,7,5,2,11,22,7,4,3,6,36%,64%,74%,86%,3,1,12,7
1208044,1.97,2.22,8,4,2,1,18,17,8,7,4,6,47%,53%,74%,77%,2,2,6,11
1208046,0.45,1.55,1,4,4,5,9,10,3,5,3,2,58%,42%,89%,83%,3,1,13,21
1208042,2.78,1.57,2,8,2,1,20,18,7,6,5,4,37%,63%,87%,88%,1,2,10,7
1208045,0.45,0.95,8,6,2,3,11,9,4,4,3,3,49%,51%,86%,86%,4,0,15,15
1208049,1.04,0.74,7,3,3,4,16,11,5,3,1,4,52%,48%,80%,78%,4,0,15,18
1208050,0.73,3.0,3,11,3,2,10,23,2,8,5,2,32%,68%,84%,92%,0,1,10,3
1208048,1.83,1.26,7,12,4,4,9,20,3,6,6,1,34%,66%,70%,84%,2,4,16,13
1208043,2.37,0.54,4,4,4,2,13,9,7,3,2,6,63%,37%,90%,79%,0,1,9,13
1208047,1.36,1.79,5,2,4,1,8,11,3,3,0,3,53%,47%,83%,84%,0,2,7,7
1208058,1.12,2.67,0,7,1,4,6,20,4,10,7,3,44%,56%,88%,91%,0,0,11,14
1208055,1.54,0.76,3,2,2,3,21,11,5,3,2,4,55%,45%,80%,77%,3,2,15,18
1208056,0.94,0.44,7,2,4,4,14,5,5,3,2,5,69%,31%,84%,69%,0,5,15,6
1208057,2.17,0.96,12,3,3,1,18,8,7,5,5,5,54%,46%,89%,85%,1,1,9,3
1208053,1.66,0.35,9,2,4,3,21,6,6,1,1,6,69%,31%,86%,70%,1,3,14,16
1208054,2.55,1.23,5,2,0,3,20,9,4,4,2,2,67%,33%,85%,69%,3,0,11,15
1208052,2.12,0.9,6,2,1,4,17,6,8,2,0,4,73%,27%,91%,76%,1,3,10,12
1208051,1.78,0.78,6,3,6,8,19,10,7,3,2,7,33%,67%,70%,85%,4,3,16,9
1208059,0.71,0.74,7,6,5,3,15,7,5,4,3,5,64%,36%,88%,76%,2,3,13,10
1208060,1.23,1.52,4,7,3,3,12,14,5,6,4,4,49%,51%,84%,88%,3,2,17,6
1208070,0.85,2.19,6,5,5,2,15,12,7,5,2,7,53%,47%,89%,87%,2,1,17,9
1208064,2.29,1.54,6,0,6,0,22,16,11,5,4,8,39%,61%,82%,90%,1,6,16,8
1208066,2.06,1.08,3,9,1,4,19,19,13,6,7,9,59%,41%,89%,85%,0,3,10,12
1208068,2.49,1.69,2,10,4,4,11,13,3,6,5,2,54%,46%,87%,86%,3,1,16,16
1208065,0.66,1.1,6,1,1,2,12,17,2,5,4,1,59%,41%,85%,81%,2,5,11,12
1208069,3.52,0.8,9,4,3,1,23,6,10,6,5,6,48%,52%,82%,80%,1,2,11,9
1208061,1.73,0.51,6,5,3,6,9,10,4,4,3,0,53%,47%,88%,86%,1,5,11,16
1208063,1.01,1.7,4,11,3,2,9,15,4,6,7,4,33%,67%,71%,86%,1,0,7,12
1208062,1.0,1.42,9,1,3,6,14,4,3,3,2,1,70%,30%,88%,69%,0,4,12,11
1208067,2.18,0.67,8,2,3,6,33,5,11,3,1,9,77%,23%,91%,71%,0,1,7,10
1208078,1.57,0.91,5,6,4,4,11,16,4,6,5,3,38%,62%,79%,88%,1,0,14,10
1208072,4.62,0.32,17,0,2,4,36,5,16,3,1,13,75%,25%,89%,74%,0,1,11,6
1208075,0.89,0.95,5,8,2,0,8,17,2,5,3,0,40%,60%,75%,81%,2,0,13,11
1208074,4.16,1.11,8,2,3,2,15,15,7,5,4,2,41%,59%,77%,86%,6,2,11,8
1208073,0.37,0.99,7,6,2,3,8,19,3,3,2,2,57%,43%,80%,79%,1,2,2,11
1208079,0.8,1.33,6,5,2,4,11,14,1,2,1,1,41%,59%,79%,87%,7,1,11,15
1208080,0.63,2.54,2,10,2,3,8,10,3,6,4,2,45%,55%,84%,85%,1,2,16,8
1208076,1.18,0.82,10,0,4,1,15,7,5,3,1,3,44%,56%,85%,89%,2,1,10,14
1208077,0.96,4.59,5,3,5,3,11,24,2,10,7,2,39%,61%,79%,88%,2,1,16,14
1208071,1.38,0.6,6,4,2,5,14,9,6,3,2,3,40%,60%,81%,86%,1,1,19,12
1208086,0.64,1.4,3,8,4,2,9,16,5,4,3,5,32%,68%,70%,86%,1,0,7,15
1208081,2.83,0.65,13,1,0,3,29,8,6,2,1,3,59%,41%,90%,85%,1,0,10,9
1208088,0.79,2.16,0,9,4,1,6,19,2,2,2,1,44%,56%,76%,82%,2,1,12,14
1208090,3.79,0.65,5,5,0,1,23,9,13,2,2,8,53%,47%,87%,84%,3,1,12,6
1208089,1.57,2.6,8,3,2,1,20,11,7,4,2,4,58%,42%,91%,87%,0,3,4,10
1208083,4.25,1.05,10,3,2,3,19,17,12,6,3,7,44%,56%,78%,79%,5,1,9,10
1208087,0.67,2.05,0,10,1,2,8,14,2,3,3,2,32%,68%,74%,86%,2,3,12,8
1208085,2.46,0.87,11,3,6,4,22,16,8,9,8,7,66%,34%,88%,76%,1,3,12,11
1208082,0.5,0.56,6,3,1,5,11,10,1,4,4,1,54%,46%,83%,82%,0,1,12,11
1208084,1.76,1.34,4,7,2,2,11,13,4,3,1,1,41%,59%,83%,88%,2,2,14,10
1208099,1.92,0.78,13,5,1,3,22,11,7,4,2,4,57%,43%,87%,81%,2,1,10,15
1208095,1.33,0.86,9,2,2,2,23,8,11,2,1,9,50%,50%,84%,85%,1,3,4,5
1208096,2.02,1.12,9,4,2,2,21,10,6,5,4,6,60%,40%,82%,79%,3,0,11,9
1208092,1.78,1.68,6,11,3,5,10,14,4,5,4,3,52%,48%,87%,88%,2,2,8,11
1208098,2.15,3.21,10,6,5,3,14,18,7,4,1,6,42%,58%,83%,85%,1,2,10,10
1208093,1.25,1.74,5,7,1,1,13,11,2,8,6,2,55%,45%,87%,79%,1,0,12,10
1208091,1.82,0.68,7,4,1,1,13,6,4,1,1,2,49%,51%,80%,79%,1,1,12,11
1208100,0.97,1.62,1,18,4,1,3,22,2,7,5,1,22%,78%,66%,90%,2,1,8,5
1208094,1.94,0.99,1,5,4,3,9,12,5,2,1,3,43%,57%,80%,88%,5,0,12,13
1208097,1.76,0.97,6,6,2,3,20,20,6,7,7,5,50%,50%,82%,80%,2,2,9,12
1208110,0.76,1.73,6,7,5,3,11,20,1,5,2,0,64%,36%,86%,76%,0,1,16,9
1208111,2.95,0.21,12,1,1,3,22,5,8,2,2,6,57%,43%,93%,91%,1,2,9,9
1208106,1.31,1.36,9,6,3,3,19,14,6,7,5,4,51%,49%,87%,82%,2,1,12,10
1208105,4.1,1.3,4,5,0,3,20,11,9,5,2,6,65%,35%,84%,72%,2,1,7,10
1208104,1.81,0.31,9,7,7,6,18,10,8,3,2,7,57%,43%,83%,83%,0,5,12,14
1208109,0.79,1.26,4,2,1,0,10,14,5,3,2,4,40%,60%,79%,86%,4,2,8,8
1208112,3.0,2.34,6,5,5,1,12,18,3,5,4,1,43%,57%,81%,84%,3,3,6,7
1208107,1.61,1.81,7,4,6,3,17,11,7,3,1,5,50%,50%,85%,80%,2,1,13,16
1208108,0.78,0.74,8,8,4,4,14,11,6,3,3,5,34%,66%,64%,81%,4,1,16,12
1208103,0.92,0.81,1,3,2,2,9,9,3,4,2,1,45%,55%,80%,83%,2,1,14,14
1208118,0.53,1.05,4,6,4,4,9,10,4,1,0,3,36%,64%,69%,86%,0,0,16,18
1208113,2.04,1.56,3,10,2,1,12,18,6,4,3,4,36%,64%,84%,90%,2,0,11,6
1208116,1.65,1.01,9,7,1,1,16,13,8,5,4,6,49%,51%,83%,87%,1,0,10,18
1208120,0.74,1.56,3,6,4,2,9,16,2,5,5,1,65%,35%,92%,81%,3,1,14,18
1208115,1.0,1.55,4,6,6,2,14,20,2,6,4,1,42%,58%,77%,80%,0,0,11,10
1208119,2.17,0.13,10,6,1,4,19,4,6,2,1,3,53%,47%,85%,79%,1,1,7,9
1208122,1.53,2.51,3,6,1,2,11,19,6,7,4,4,57%,43%,80%,76%,4,1,7,9
1208121,2.44,1.86,6,4,2,0,16,12,6,1,1,2,51%,49%,89%,84%,0,0,14,14
1208117,1.98,1.1,4,8,6,2,11,12,4,3,2,3,46%,54%,80%,84%,4,0,19,14
1208114,1.37,0.59,11,3,2,1,26,5,12,2,1,10,68%,32%,88%,70%,2,0,3,10
1208132,1.26,0.66,1,9,1,4,8,9,4,0,0,2,29%,71%,77%,90%,3,0,14,12
1208131,0.83,1.11,7,6,1,2,11,18,6,4,4,6,49%,51%,78%,76%,1,1,10,9
1208126,1.52,1.83,1,8,1,1,13,17,5,7,5,4,36%,64%,77%,85%,1,4,10,11
1208123,1.48,2.61,6,4,2,4,12,15,6,3,1,3,52%,48%,76%,75%,0,1,8,16
1208124,2.29,2.22,0,4,3,3,10,15,4,6,5,2,40%,60%,87%,90%,3,1,12,10
1208127,2.02,1.38,2,9,0,3,14,12,5,2,2,3,62%,38%,88%,82%,1,1,11,15
1208128,0.76,0.63,1,5,0,1,13,6,3,5,5,1,51%,49%,85%,83%,1,2,9,5
1208130,1.55,1.62,12,2,1,5,17,8,5,3,1,5,66%,34%,84%,68%,0,0,10,19
1208129,0.63,1.7,4,5,1,1,9,17,3,6,3,2,44%,56%,78%,86%,3,0,13,6
1208125,1.54,1.55,4,3,4,2,17,13,3,3,2,2,49%,51%,85%,88%,1,7,12,12
1208139,1.11,2.75,2,9,4,3,4,16,1,7,4,0,37%,63%,75%,87%,3,1,15,12
1208133,1.63,0.94,7,0,2,4,19,6,5,4,2,4,55%,45%,87%,81%,5,1,13,10
1208137,1.03,1.32,7,2,3,0,10,10,3,5,1,2,59%,41%,85%,83%,2,1,14,14
1208134,1.19,0.33,8,1,3,2,19,7,7,0,0,3,66%,34%,91%,81%,4,2,10,11
1208136,1.2,1.1,10,4,0,0,27,9,5,2,2,5,59%,41%,87%,79%,3,3,8,10
1208135,3.11,1.26,10,1,3,2,17,13,5,6,4,3,70%,30%,86%,69%,1,2,10,11
1208140,2.14,2.51,9,3,4,2,23,9,5,7,3,5,58%,42%,92%,84%,2,3,19,9
1208142,1.28,3.15,3,10,3,4,7,27,5,11,8,3,38%,62%,83%,89%,0,1,11,9
1208138,1.59,0.8,4,3,0,0,11,11,6,4,3,5,40%,60%,82%,88%,0,1,11,10
1208141,1.64,0.81,8,3,1,0,18,15,2,6,4,2,53%,47%,85%,82%,1,0,11,8
1208144,1.68,1.01,7,6,2,4,22,10,5,2,1,4,52%,48%,90%,87%,3,1,20,16
1208152,0.46,3.29,3,4,5,1,10,12,3,8,4,1,60%,40%,85%,77%,2,1,13,11
1208146,1.76,0.04,8,9,3,3,16,1,4,0,0,2,49%,51%,80%,81%,2,2,12,11
1208143,2.4,1.06,5,4,1,1,13,7,6,3,2,2,60%,40%,85%,76%,1,1,9,10
1208149,1.68,0.59,8,7,1,3,12,7,5,3,2,4,45%,55%,77%,79%,3,1,5,16
1208151,1.54,3.6,2,10,4,1,12,16,5,7,2,3,40%,60%,78%,84%,1,1,10,13
1208148,1.07,0.58,2,2,2,3,11,8,5,2,2,1,60%,40%,90%,86%,3,2,12,12
1208150,0.78,1.58,7,11,0,1,8,14,3,6,5,2,51%,49%,87%,84%,1,1,4,14
1208145,1.69,1.23,3,4,2,2,17,10,8,4,3,5,64%,36%,90%,84%,3,1,21,6
1208147,3.57,0.84,7,4,1,3,18,8,7,2,3,5,44%,56%,84%,88%,4,3,9,8
1208158,0.49,1.64,4,7,2,4,9,13,2,3,2,2,54%,46%,83%,80%,1,1,14,13
1208159,1.35,3.09,3,9,2,2,8,31,6,10,7,3,39%,61%,75%,86%,1,2,9,7
1208161,2.09,1.99,5,6,2,5,17,16,6,5,2,3,41%,59%,79%,88%,4,0,9,17
1208162,1.56,5.43,5,7,1,0,6,26,4,13,6,3,45%,55%,89%,92%,3,1,7,14
1208156,1.02,0.78,3,4,2,0,13,6,4,2,2,2,44%,56%,80%,80%,4,0,10,8
1208160,2.41,0.88,8,2,2,4,17,12,7,3,3,3,66%,34%,89%,79%,1,2,7,15
1208154,2.16,0.22,13,0,1,3,14,5,6,2,2,4,50%,50%,87%,87%,2,2,12,8
1208155,2.43,1.03,10,5,2,2,20,9,10,1,0,7,49%,51%,86%,85%,0,1,11,15
1208157,0.65,1.47,5,6,2,2,6,13,2,3,2,0,43%,57%,81%,88%,0,1,7,8
1208153,3.71,0.87,5,9,2,2,21,12,8,4,4,7,35%,65%,70%,82%,3,3,15,8
1208165,1.34,1.45,6,8,1,2,12,12,3,4,2,1,32%,68%,77%,88%,3,2,4,10
1208164,1.23,1.48,3,4,3,0,11,16,8,3,2,4,44%,56%,80%,86%,3,2,10,7
1208163,2.29,0.33,14,1,1,3,18,4,5,0,0,3,47%,53%,86%,89%,0,4,18,15
1208170,1.6,0.83,5,3,0,2,17,11,7,3,0,5,71%,29%,88%,65%,0,1,10,13
1208167,0.16,2.03,0,6,4,2,2,12,2,4,3,1,34%,66%,72%,89%,0,3,10,9
1208169,1.31,1.54,4,5,1,2,10,16,3,7,5,1,55%,45%,84%,85%,1,0,9,10
1208168,1.32,3.28,6,13,2,1,18,22,5,6,4,4,43%,57%,74%,81%,0,0,9,13
1208171,2.9,2.83,5,10,2,3,13,17,5,8,4,2,39%,61%,83%,86%,3,2,17,11
1208172,0.95,1.47,11,0,5,4,19,19,4,5,4,2,54%,46%,81%,77%,4,1,12,17
1208179,3.79,0.19,5,2,3,3,27,4,11,1,1,7,59%,41%,87%,78%,0,2,7,16
1208182,1.27,1.2,7,3,2,2,16,10,6,5,2,5,54%,46%,84%,83%,2,4,13,9
1208177,2.13,1.22,5,4,3,4,16,12,4,3,1,2,61%,39%,89%,82%,2,2,10,7
1208174,1.22,0.09,8,2,0,3,13,2,5,0,0,5,77%,23%,92%,71%,5,3,6,9
1208180,1.78,0.42,4,3,0,1,17,8,6,2,1,4,50%,50%,91%,88%,2,2,12,6
1208175,1.0,2.31,8,5,1,4,17,13,5,5,2,5,65%,35%,88%,74%,1,1,11,15
1208178,0.95,2.08,8,2,1,1,10,10,3,3,1,2,52%,48%,87%,88%,0,6,5,14
1208181,0.84,2.44,2,5,1,3,9,18,3,9,4,4,42%,58%,87%,91%,2,0,8,15
1208176,2.23,1.61,8,5,2,2,26,9,8,4,3,6,62%,38%,86%,76%,1,3,11,7
1208173,2.01,2.06,12,6,0,2,29,16,9,3,2,8,51%,49%,76%,73%,1,1,6,11
1208183,1.67,1.03,5,4,3,3,11,12,6,6,5,4,44%,56%,86%,92%,3,0,14,7
1208192,1.31,0.94,8,4,2,2,11,12,4,6,5,3,46%,54%,76%,85%,5,1,14,20
1208184,0.72,0.9,9,5,3,4,7,10,3,6,4,3,64%,36%,85%,78%,1,3,10,14
1208188,0.71,2.33,2,1,2,0,10,15,2,7,3,2,42%,58%,83%,87%,3,1,9,7
1208185,1.59,2.87,3,3,2,2,15,14,6,6,1,5,42%,58%,81%,87%,1,0,9,8
1208190,2.28,1.63,13,1,1,3,23,10,7,5,2,7,60%,40%,80%,75%,0,2,11,11
1208187,0.88,0.26,6,5,1,3,15,5,5,1,1,5,57%,43%,86%,80%,1,2,8,15
1208186,1.03,1.17,2,5,4,1,5,12,4,5,4,4,25%,75%,73%,90%,2,1,20,12
1208189,0.8,1.11,6,1,2,0,9,8,5,4,1,4,54%,46%,87%,84%,1,1,15,16
1208191,1.27,5.63,7,5,1,2,9,24,5,12,6,2,52%,48%,85%,86%,4,4,7,9
1208198,2.09,0.63,8,5,1,4,24,8,5,3,2,4,66%,34%,91%,81%,2,2,5,10
1208199,2.76,0.34,9,6,2,1,22,4,8,1,1,4,63%,37%,92%,80%,5,3,15,10
1208193,1.47,0.45,5,2,2,2,18,10,4,4,4,3,52%,48%,82%,78%,1,1,13,12
1208201,1.4,1.81,2,2,1,2,18,16,5,2,1,5,54%,46%,84%,79%,0,0,15,8
1208196,1.12,1.78,3,1,1,3,12,14,8,7,5,7,47%,53%,83%,86%,3,1,13,13
1208200,1.12,0.9,2,7,3,4,10,13,3,4,4,2,30%,70%,73%,88%,4,1,12,13
1208202,0.86,0.44,4,4,2,4,7,11,4,4,4,2,51%,49%,83%,80%,3,1,12,12
1208197,1.91,0.34,14,1,3,2,19,4,7,1,0,4,69%,31%,91%,76%,3,2,17,5
1208195,1.31,1.07,5,3,0,2,24,8,7,3,3,8,58%,42%,82%,75%,0,5,6,12
1208194,1.86,0.15,5,1,1,1,13,3,5,0,0,4,68%,32%,90%,81%,1,2,7,12
1208209,1.3,1.27,4,4,2,1,11,14,4,5,3,3,54%,46%,93%,91%,3,2,11,6
1208207,1.11,1.98,1,7,1,3,11,16,6,9,6,4,52%,48%,80%,79%,0,0,7,16
1208206,0.89,1.48,5,4,4,1,13,11,2,7,5,2,64%,36%,81%,68%,1,2,13,10
1208211,2.25,0.72,5,5,1,2,13,11,3,3,1,1,48%,52%,77%,80%,3,3,9,10
1208205,2.03,0.94,8,7,2,3,19,7,10,3,2,8,46%,54%,77%,80%,2,1,18,19
1208212,0.36,3.15,2,6,0,0,7,22,0,13,8,1,46%,54%,86%,88%,5,0,7,10
1208208,1.58,2.0,4,7,4,4,9,20,6,5,4,4,24%,76%,63%,90%,0,2,9,5
1208203,1.78,1.13,12,3,2,3,20,13,4,4,3,3,60%,40%,85%,80%,2,0,9,14
1208210,0.9,1.92,2,3,1,1,10,12,0,4,2,0,53%,47%,87%,86%,1,4,13,8
1208204,0.32,1.91,4,3,1,2,5,14,2,5,1,1,51%,49%,82%,83%,0,6,6,8
1208221,0.94,2.45,9,10,1,4,13,14,4,4,2,3,57%,43%,81%,79%,2,1,11,15
1208213,1.84,0.71,9,3,2,2,19,9,8,0,0,7,58%,42%,77%,67%,1,0,15,14
1208220,0.29,4.46,2,2,2,0,8,20,1,11,5,1,51%,49%,86%,86%,1,2,10,4
1208219,1.91,1.37,7,1,2,1,10,17,7,4,3,4,56%,44%,89%,86%,1,2,8,13
1208216,1.08,1.24,6,6,0,2,13,15,6,1,0,5,38%,62%,75%,86%,2,0,9,12
1208214,1.56,0.41,6,2,0,1,13,4,5,2,1,3,61%,39%,89%,84%,1,1,10,11
1208215,1.52,0.88,2,5,2,3,11,9,4,3,2,3,45%,55%,86%,88%,0,3,17,14
1208217,2.24,1.59,9,2,1,5,15,7,4,3,1,2,73%,27%,88%,75%,0,1,10,14
1208218,2.82,1.05,5,9,2,4,19,13,6,4,2,4,53%,47%,83%,75%,0,4,10,13
1208222,1.59,2.13,5,3,1,2,13,11,6,3,0,5,61%,39%,85%,79%,1,4,10,8
1208229,0.95,1.9,0,3,3,3,4,21,3,5,2,0,44%,56%,83%,85%,5,0,9,18
1208230,2.5,1.18,9,3,2,3,26,7,10,3,1,8,57%,43%,83%,78%,2,1,15,16
1208224,2.47,2.1,4,5,0,0,18,21,6,8,6,3,45%,55%,81%,87%,4,0,4,4
1208228,0.31,1.99,0,9,2,1,6,23,3,7,5,2,29%,71%,68%,85%,2,1,7,10
1208231,2.11,1.62,4,2,0,2,17,13,5,7,7,2,61%,39%,87%,77%,3,1,10,13
1208225,1.14,1.21,8,5,2,1,10,11,3,3,2,2,50%,50%,81%,83%,5,1,17,10
1208227,1.7,1.82,4,3,0,0,21,9,4,4,2,4,57%,43%,86%,79%,1,3,7,6
1208223,1.45,0.78,10,4,3,1,14,10,4,2,1,3,53%,47%,83%,84%,3,1,16,9
1208226,0.28,0.97,1,9,2,2,5,11,3,5,3,3,46%,54%,83%,85%,1,1,13,14
1208232,3.42,1.54,4,4,1,3,23,13,9,5,5,6,60%,40%,85%,80%,2,0,7,10
1208240,0.79,2.26,7,6,1,6,13,19,5,10,6,3,55%,45%,78%,76%,1,0,7,18
1208238,0.47,2.19,5,2,3,1,8,17,4,2,0,5,39%,61%,77%,86%,2,2,8,8
1208242,0.28,1.32,2,4,3,0,7,12,0,7,5,0,54%,46%,82%,81%,1,0,13,10
1208234,0.72,3.43,2,15,2,3,11,37,6,8,6,7,39%,61%,79%,87%,6,0,6,14
1208233,1.33,1.04,10,1,2,3,18,8,6,4,2,4,66%,34%,89%,74%,3,2,10,18
1208239,1.48,1.93,4,2,3,3,10,6,1,3,0,0,52%,48%,83%,81%,3,3,13,12
1208236,1.95,1.12,3,8,2,1,12,11,6,6,3,4,35%,65%,83%,86%,2,1,14,14
1208241,2.05,0.89,2,8,0,4,14,10,5,4,1,1,45%,55%,82%,87%,3,0,4,18
1208237,0.58,3.03,4,7,0,1,8,17,4,9,3,4,33%,67%,87%,92%,1,1,4,7
1208235,3.15,0.86,3,6,4,2,19,9,7,4,3,3,63%,37%,89%,78%,5,2,8,14
1208243,1.69,0.98,3,9,2,3,16,18,10,4,4,5,51%,49%,80%,75%,2,2,9,12
1208252,0.74,1.0,1,5,2,1,9,9,4,3,2,4,52%,48%,84%,83%,0,0,20,10
1208248,1.98,0.48,3,4,0,2,16,3,6,3,2,2,70%,30%,90%,77%,0,1,10,11
1208250,0.76,2.93,3,8,1,0,12,17,5,9,5,4,53%,47%,84%,83%,2,4,10,5
1208245,0.73,0.85,9,1,4,4,16,3,1,1,0,1,69%,31%,87%,75%,2,1,8,11
1208249,2.5,1.8,2,3,3,2,15,10,6,4,3,3,57%,43%,86%,83%,5,2,6,8
1208251,1.04,1.56,6,4,1,5,15,12,6,3,1,5,61%,39%,84%,74%,5,2,6,16
1208246,1.08,1.52,4,7,2,2,16,13,5,6,4,4,47%,53%,71%,72%,1,0,8,11
1208244,0.85,1.31,4,3,2,3,14,14,4,4,2,3,46%,54%,82%,84%,2,4,13,16
1208247,0.67,0.25,3,0,0,1,9,4,3,1,0,2,51%,49%,83%,84%,2,2,7,9
1208261,3.41,0.88,4,6,1,3,14,10,9,5,6,3,37%,63%,79%,86%,1,0,8,13
1208260,0.75,1.56,3,7,4,4,11,15,4,4,2,3,48%,52%,82%,82%,4,0,10,15
1208253,1.58,2.52,3,3,2,3,14,19,3,7,5,4,49%,51%,79%,82%,4,1,15,9
1208257,2.46,0.33,5,6,0,0,13,9,7,1,1,3,47%,53%,81%,81%,3,1,7,13
1208258,1.55,1.01,1,2,0,3,15,9,6,4,2,5,57%,43%,85%,78%,0,4,11,14
1208262,1.63,0.45,5,8,2,3,8,10,5,3,3,3,31%,69%,81%,89%,6,3,20,13
1208259,1.12,2.6,11,0,3,1,17,11,2,3,1,2,67%,33%,82%,65%,0,1,12,13
1208255,2.06,0.86,10,3,0,1,20,13,4,2,1,3,54%,46%,82%,82%,0,1,4,11
1208254,1.0,0.81,5,2,2,0,12,7,7,4,3,2,46%,54%,87%,90%,3,1,6,7
1208256,1.67,1.22,4,3,3,1,22,14,3,5,4,3,68%,32%,86%,74%,0,1,11,10
1208166,0.95,0.62,2,3,4,4,10,6,3,4,2,1,37%,63%,70%,83%,3,2,9,20
1208264,1.42,0.54,2,9,1,2,13,8,5,0,1,3,31%,69%,77%,90%,2,3,12,15
1208267,0.22,1.38,3,7,2,1,6,11,2,5,3,2,40%,60%,72%,86%,1,4,9,10
1208266,2.18,0.42,8,4,0,0,24,8,10,2,1,8,56%,44%,88%,85%,1,1,13,8
1208270,0.79,1.2,4,6,1,3,11,14,4,7,5,3,45%,55%,79%,83%,0,0,13,15
1208272,0.82,1.66,9,2,1,1,13,14,3,5,4,3,59%,41%,85%,78%,2,4,10,13
1208269,1.9,0.48,7,4,0,1,11,3,7,1,1,3,62%,38%,92%,83%,0,3,5,13
1208263,2.42,0.37,16,1,0,5,25,4,6,3,3,6,76%,24%,91%,73%,2,3,7,11
1208265,1.72,0.96,6,2,0,1,17,11,6,6,4,5,58%,42%,77%,72%,3,1,9,12
1208268,1.66,1.5,4,3,2,2,10,16,3,4,3,1,50%,50%,82%,85%,5,3,15,13
1208271,2.23,1.52,10,5,1,2,22,16,7,6,6,6,56%,44%,88%,83%,0,7,13,9
1208305,0.67,2.5,6,8,1,0,9,17,4,3,1,1,52%,48%,84%,84%,3,2,8,6
1208279,0.51,1.52,5,6,4,0,8,14,3,6,3,3,48%,52%,82%,84%,1,1,10,10
1208276,1.91,0.41,7,8,4,1,9,9,8,3,1,6,38%,62%,74%,86%,1,0,12,9
1208273,0.62,2.0,6,7,3,3,8,13,3,5,5,3,45%,55%,76%,80%,1,1,17,9
1208277,0.2,1.29,7,7,1,3,10,10,0,5,4,0,62%,38%,83%,76%,0,3,10,7
1208282,0.13,3.97,5,6,2,0,6,18,1,12,8,1,50%,50%,80%,82%,2,1,11,12
1208274,1.22,1.07,2,0,1,3,20,5,2,2,1,2,68%,32%,89%,78%,2,2,16,15
1208278,1.15,1.71,4,4,2,1,17,10,5,6,2,4,41%,59%,82%,86%,2,1,15,14
1208275,2.33,2.3,2,3,1,3,12,15,6,7,5,4,52%,48%,87%,88%,1,1,15,16
1208281,2.91,1.79,7,6,1,4,13,17,5,5,2,1,57%,43%,82%,73%,1,0,11,13
1208280,0.65,0.71,7,5,0,0,16,8,5,4,2,5,66%,34%,92%,81%,2,4,3,10
1208288,1.31,1.69,7,4,1,3,18,11,5,5,3,4,60%,40%,88%,84%,1,0,8,15
1208284,2.42,1.46,1,9,2,1,11,19,4,5,4,2,43%,57%,72%,80%,0,4,12,14
1208289,4.31,0.38,3,8,3,1,19,6,6,2,1,2,36%,64%,73%,86%,7,7,19,10
1208290,2.56,0.72,4,2,1,2,19,7,10,2,2,6,60%,40%,91%,84%,2,0,6,9
1208292,0.72,1.43,5,6,4,4,10,12,6,3,1,4,45%,55%,82%,86%,0,2,9,16
1208286,1.33,2.12,8,3,3,0,11,12,6,5,4,6,56%,44%,88%,87%,0,2,12,15
1208283,1.48,1.37,2,5,2,1,12,14,3,4,3,2,52%,48%,84%,83%,1,0,3,6
1208285,0.4,0.99,3,11,1,1,6,13,2,1,1,2,35%,65%,74%,87%,1,2,10,17
1208291,1.7,0.23,4,2,0,1,12,3,3,0,1,1,61%,39%,90%,84%,0,1,12,11
1208287,1.33,0.37,3,3,0,0,8,10,2,2,2,1,58%,42%,90%,85%,1,0,12,6
1208299,0.73,0.86,3,2,3,2,9,14,4,3,3,3,31%,69%,80%,90%,1,1,9,7
1208297,4.12,0.36,6,4,2,1,28,6,7,4,3,4,71%,29%,91%,76%,0,1,10,9
1208294,1.54,0.9,3,7,0,2,9,6,4,1,0,2,53%,47%,86%,85%,4,1,6,12
1208296,3.26,1.48,5,4,4,3,19,15,4,8,7,4,55%,45%,74%,75%,0,0,8,7
1208293,0.83,1.32,6,5,2,2,13,12,3,4,3,3,60%,40%,86%,76%,2,3,10,5
1208302,0.77,1.41,5,5,2,2,11,12,3,4,3,2,66%,34%,88%,76%,0,1,11,16
1208300,1.53,2.2,3,6,3,3,12,17,4,8,6,2,61%,39%,82%,76%,0,3,15,16
1208295,1.78,0.1,12,2,1,0,20,3,7,3,3,7,57%,43%,86%,81%,0,2,12,13
1208298,1.52,1.62,2,9,0,1,10,17,6,6,5,5,32%,68%,76%,89%,0,1,8,11
1208301,0.72,1.4,3,4,0,1,9,9,2,3,3,2,51%,49%,81%,81%,1,1,7,15
1208312,1.37,0.36,5,1,0,0,10,5,3,3,1,2,59%,41%,89%,86%,2,1,12,13
1208306,1.0,0.83,6,5,1,2,13,10,5,5,5,4,54%,46%,85%,80%,1,0,12,8
1208310,1.72,2.04,4,5,2,5,11,15,3,3,2,1,60%,40%,83%,75%,1,1,10,10
1208308,0.42,1.52,6,3,1,1,11,11,4,6,2,1,56%,44%,84%,79%,1,1,4,13
1208303,1.67,0.83,4,3,3,0,17,10,5,4,2,5,59%,41%,81%,71%,4,2,13,7
1208307,0.99,0.98,6,5,0,0,13,12,4,4,4,2,57%,43%,84%,86%,1,1,13,10
1208304,0.77,0.35,5,4,3,3,12,8,4,2,2,4,41%,59%,84%,87%,2,1,10,13
1208309,1.12,0.78,6,4,2,0,11,18,3,5,2,3,54%,46%,84%,79%,4,2,6,6
1208317,1.18,1.34,1,2,4,2,9,10,2,1,1,1,41%,59%,81%,85%,1,0,16,12
1208314,2.38,0.99,5,4,1,2,17,9,4,3,2,3,51%,49%,90%,86%,5,0,2,10
1208316,0.48,1.63,3,10,1,3,8,23,2,6,5,1,32%,68%,73%,86%,1,1,5,12
1208320,1.43,1.63,4,5,1,1,21,12,4,3,2,2,48%,52%,76%,77%,2,0,12,12
1208313,1.87,1.17,8,3,1,2,24,10,7,2,0,5,64%,36%,82%,69%,0,0,14,15
1208321,0.51,0.88,2,2,2,1,8,9,2,3,2,1,43%,57%,78%,84%,2,4,14,9
1208319,2.24,0.07,5,0,1,4,18,2,5,0,0,3,72%,28%,94%,81%,2,1,11,8
1208315,0.9,1.25,4,0,2,3,11,8,4,5,2,4,56%,44%,86%,84%,1,0,16,11
1208322,1.39,0.67,11,5,2,2,17,5,3,0,0,3,74%,26%,87%,64%,2,4,7,11
1208318,1.09,0.79,4,6,5,5,11,8,5,2,2,4,50%,50%,85%,88%,5,5,7,16
1208326,1.09,1.79,3,8,3,1,5,14,2,5,3,1,30%,70%,69%,87%,0,1,17,13
1208332,0.69,2.12,4,7,2,2,9,11,3,4,4,2,56%,44%,79%,74%,4,1,13,13
1208325,0.6,1.0,2,4,4,3,8,11,3,5,4,1,38%,62%,75%,85%,3,1,12,13
1208328,0.8,2.71,4,8,2,2,6,22,2,7,4,1,44%,56%,76%,82%,1,1,12,16
1208323,3.03,1.48,4,4,2,2,17,19,8,3,2,6,52%,48%,85%,84%,0,5,7,15
1208327,0.74,1.5,4,4,3,0,12,14,6,6,4,3,38%,62%,77%,84%,2,3,10,9
1208331,2.12,1.04,4,1,1,1,13,12,8,4,3,5,51%,49%,89%,89%,1,1,16,20
1208324,1.18,1.23,3,6,1,3,9,21,2,5,6,2,41%,59%,76%,84%,3,1,12,12
1208330,0.91,0.49,5,3,3,2,13,9,2,5,6,2,41%,59%,85%,88%,1,2,13,9
1208329,0.48,3.28,12,2,2,0,7,16,2,5,2,2,58%,42%,84%,80%,3,2,8,9
1208338,3.81,1.82,1,4,2,3,21,8,9,3,1,3,68%,32%,91%,82%,1,3,10,16
1208341,0.31,3.03,2,13,3,1,7,25,2,10,7,2,40%,60%,87%,93%,0,0,11,4
1208335,3.91,1.5,3,6,2,5,21,15,7,6,4,5,59%,41%,87%,78%,1,1,9,11
1208340,0.52,1.36,1,7,0,3,10,13,5,5,4,5,42%,58%,75%,82%,2,1,9,13
1208334,0.96,0.24,13,5,1,3,14,3,3,2,1,2,64%,36%,87%,78%,3,1,7,9
1208342,2.39,1.96,1,4,1,2,13,11,5,4,2,2,37%,63%,81%,89%,2,3,12,15
1208337,1.78,1.5,10,3,0,2,15,11,6,4,4,4,55%,45%,85%,86%,5,4,15,8
1208336,2.27,1.07,15,4,2,2,34,13,9,4,2,8,74%,26%,87%,72%,1,2,11,7
1208339,2.17,0.72,7,2,0,2,13,9,6,5,4,2,48%,52%,81%,81%,2,1,7,9
1208333,1.46,1.07,6,9,3,2,12,12,3,7,7,2,41%,59%,73%,81%,2,1,11,10
1208311,1.54,2.0,5,4,2,3,14,11,7,4,3,3,60%,40%,85%,78%,2,1,9,15
1208346,0.91,2.04,2,5,4,0,8,12,3,7,4,2,33%,67%,78%,88%,5,0,7,6
1208352,0.91,0.64,2,5,2,1,12,15,4,4,3,3,52%,48%,90%,87%,1,1,14,13
1208345,0.37,0.72,5,4,5,4,5,15,0,4,4,0,27%,73%,61%,88%,1,1,13,10
1208344,2.17,1.43,4,7,3,3,16,12,8,3,1,4,46%,54%,81%,85%,1,0,7,11
1208343,2.26,1.0,7,7,1,3,23,10,9,3,2,6,48%,52%,85%,85%,0,1,9,12
1208350,1.32,0.25,9,2,2,3,12,4,2,2,1,2,60%,40%,89%,82%,2,1,11,18
1208347,0.25,0.9,5,4,1,3,6,13,1,8,5,0,41%,59%,81%,88%,1,0,13,9
1208348,0.17,2.55,0,12,0,0,4,24,0,7,3,0,25%,75%,80%,91%,1,1,10,7
1208349,0.27,2.57,1,13,1,2,5,28,0,10,7,0,42%,58%,77%,86%,2,2,11,7
1208351,2.14,0.48,7,1,1,4,22,4,6,3,1,4,70%,30%,88%,69%,0,3,11,12
1208358,1.09,1.68,10,2,3,3,14,7,6,3,2,4,62%,38%,90%,81%,2,2,9,10
1208354,1.18,1.81,3,6,1,1,12,15,6,4,2,2,68%,32%,92%,83%,1,1,4,6
1208356,0.88,0.44,10,2,0,0,10,6,7,3,3,6,55%,45%,86%,84%,1,3,11,11
1208359,2.85,0.1,11,2,1,4,25,4,5,0,0,2,78%,22%,92%,67%,4,0,9,9
1208362,2.02,1.15,4,2,1,4,20,8,6,2,2,2,56%,44%,88%,85%,0,3,7,17
1208361,0.63,2.42,0,13,1,1,7,26,3,5,3,2,35%,65%,77%,88%,1,2,10,12
1208355,1.31,1.27,8,1,1,1,16,12,9,4,2,6,53%,47%,87%,88%,4,3,7,9
1208353,0.53,2.52,5,10,4,2,8,25,1,6,5,0,38%,62%,73%,83%,2,2,11,12
1208357,2.28,0.46,8,2,2,1,25,8,8,3,2,2,62%,38%,86%,74%,1,3,16,9
1208360,0.9,1.29,4,5,3,5,14,11,5,3,1,5,55%,45%,80%,76%,4,0,10,12
1208371,0.65,0.44,4,5,0,0,9,6,2,1,0,1,64%,36%,91%,83%,0,1,7,11
1208364,0.96,0.85,5,3,0,5,10,11,3,3,3,2,52%,48%,87%,88%,1,2,6,17
1208369,0.55,0.85,2,3,4,4,8,12,3,5,3,1,58%,42%,88%,85%,0,0,12,15
1208370,1.4,0.53,6,7,1,3,14,8,4,2,2,2,50%,50%,89%,87%,1,1,12,13
1208363,1.42,0.97,2,3,0,2,13,9,4,2,0,3,50%,50%,85%,83%,3,0,7,16
1208372,0.84,0.77,1,3,2,2,11,7,2,2,1,1,56%,44%,74%,73%,3,4,18,15
1208366,0.69,1.87,1,4,2,1,5,13,2,5,4,1,46%,54%,78%,83%,1,1,15,10
1208365,2.8,1.56,7,3,0,2,12,14,6,5,2,3,47%,53%,80%,82%,0,0,8,10
1208367,3.13,1.05,3,6,2,2,17,11,7,2,1,5,35%,65%,84%,89%,6,0,10,11
1208368,2.56,0.71,7,4,3,8,20,12,3,4,4,2,49%,51%,73%,83%,1,1,9,15
1208374,0.79,1.12,5,5,1,0,18,11,6,7,4,5,64%,36%,86%,79%,0,0,15,9
1208382,0.91,1.57,7,4,1,1,10,7,3,2,0,4,56%,44%,87%,84%,0,1,8,12
1208380,0.10,1.82,1,15,2,0,2,26,0,5,4,0,28%,72%,76%,89%,2,1,9,8
1208375,0.93,1.41,5,6,2,4,11,15,4,5,4,4,50%,50%,81%,85%,0,0,6,12
1208373,0.80,0.98,10,0,4,5,10,6,4,3,2,4,66%,34%,87%,69%,2,0,19,12
1208378,1.56,0.69,2,8,4,2,15,10,6,3,3,4,45%,55%,84%,87%,0,0,9,13
1208377,2.23,1.76,8,5,0,1,20,9,5,4,2,5,52%,48%,90%,86%,0,2,3,13
1208381,0.68,3.39,4,8,1,1,8,23,1,10,8,1,47%,53%,77%,82%,2,3,12,10
1208379,1.30,1.05,4,4,3,3,15,10,4,6,4,2,56%,44%,85%,80%,1,2,11,11
1208376,2.39,2.58,3,1,1,3,14,15,5,7,4,3,44%,56%,82%,86%,3,1,13,10
1208384,1.39,0.51,9,1,1,2,18,3,7,1,1,5,68%,32%,90%,80%,1,0,5,12
1208387,0.83,0.30,7,2,1,6,11,4,3,1,1,2,47%,53%,81%,81%,3,2,10,14
1208389,2.73,1.21,4,5,1,1,13,6,5,2,2,2,50%,50%,87%,87%,2,1,6,10
1208392,1.13,1.96,8,7,6,3,16,10,5,5,3,4,61%,39%,87%,79%,0,2,14,7
1208390,0.80,1.41,2,2,1,0,9,20,3,2,2,1,51%,49%,84%,86%,0,4,15,12
1208385,2.87,0.99,5,3,4,4,11,16,6,7,4,3,51%,49%,78%,85%,0,0,12,8
1208383,0.64,1.86,10,7,3,3,12,14,4,5,5,3,51%,49%,83%,83%,0,0,9,9
1208386,2.20,2.23,3,3,1,0,25,18,12,5,3,9,49%,51%,87%,87%,2,1,9,8
1208391,1.54,1.12,3,1,1,3,12,8,5,2,1,2,57%,43%,90%,86%,2,3,7,13
1208388,1.66,1.41,0,9,1,2,14,12,10,3,1,6,31%,69%,74%,87%,2,0,14,8
1208397,2.95,0.39,4,3,2,2,25,6,10,1,1,8,67%,33%,88%,72%,5,3,10,10
1208398,1.27,1.16,12,3,1,4,17,14,6,6,5,6,65%,35%,88%,78%,0,0,12,9
1208393,1.62,0.27,6,1,0,2,20,3,7,0,0,5,63%,37%,82%,74%,2,2,19,16
1208394,1.28,2.99,1,6,0,0,13,20,3,5,3,3,47%,53%,85%,86%,2,0,11,5
1208402,1.04,1.43,8,3,2,1,18,13,6,7,6,5,49%,51%,82%,84%,3,1,7,9
1208396,2.14,1.77,11,0,2,0,14,8,3,5,4,2,69%,31%,87%,71%,1,2,7,10
1208400,0.62,2.39,5,8,0,0,7,23,2,8,6,1,38%,62%,82%,91%,1,1,7,8
1208401,2.03,2.24,2,11,3,1,4,23,2,8,4,1,33%,67%,76%,89%,1,2,13,8
1208395,0.74,1.08,4,0,1,1,14,10,4,6,3,3,41%,59%,84%,87%,2,1,10,9
1208399,1.20,1.09,7,4,2,2,10,6,2,2,1,2,52%,48%,84%,80%,5,1,10,11
